id,name,type,height,hp,attack,defense,special_attack,special_defense,speed,url
1,bulbasaur,grass,7,45,49,49,65,65,45,https://pokeapi.co/api/v2/pokemon/1/
2,ivysaur,grass,10,60,62,63,80,80,60,https://pokeapi.co/api/v2/pokemon/2/
3,venusaur,grass,20,80,82,83,100,100,80,https://pokeapi.co/api/v2/pokemon/3/
4,charmander,fire,6,39,52,43,60,50,65,https://pokeapi.co/api/v2/pokemon/4/
5,charmeleon,fire,11,58,64,58,80,65,80,https://pokeapi.co/api/v2/pokemon/5/
6,charizard,fire,17,78,84,78,109,85,100,https://pokeapi.co/api/v2/pokemon/6/
7,squirtle,water,5,44,48,65,50,64,43,https://pokeapi.co/api/v2/pokemon/7/
8,wartortle,water,10,59,63,80,65,80,58,https://pokeapi.co/api/v2/pokemon/8/
9,blastoise,water,16,79,83,100,85,105,78,https://pokeapi.co/api/v2/pokemon/9/
10,caterpie,bug,3,45,30,35,20,20,45,https://pokeapi.co/api/v2/pokemon/10/
11,metapod,bug,7,50,20,55,25,25,30,https://pokeapi.co/api/v2/pokemon/11/
12,butterfree,bug,11,60,45,50,90,80,70,https://pokeapi.co/api/v2/pokemon/12/
13,weedle,bug,3,40,35,30,20,20,50,https://pokeapi.co/api/v2/pokemon/13/
14,kakuna,bug,6,45,25,50,25,25,35,https://pokeapi.co/api/v2/pokemon/14/
15,beedrill,bug,10,65,90,40,45,80,75,https://pokeapi.co/api/v2/pokemon/15/
16,pidgey,normal,3,40,45,40,35,35,56,https://pokeapi.co/api/v2/pokemon/16/
17,pidgeotto,normal,11,63,60,55,50,50,71,https://pokeapi.co/api/v2/pokemon/17/
18,pidgeot,normal,15,83,80,75,70,70,101,https://pokeapi.co/api/v2/pokemon/18/
19,rattata,normal,3,30,56,35,25,35,72,https://pokeapi.co/api/v2/pokemon/19/
20,raticate,normal,7,55,81,60,50,70,97,https://pokeapi.co/api/v2/pokemon/20/
21,spearow,normal,3,40,60,30,31,31,70,https://pokeapi.co/api/v2/pokemon/21/
22,fearow,normal,12,65,90,65,61,61,100,https://pokeapi.co/api/v2/pokemon/22/
23,ekans,poison,20,35,60,44,40,54,55,https://pokeapi.co/api/v2/pokemon/23/
24,arbok,poison,35,60,95,69,65,79,80,https://pokeapi.co/api/v2/pokemon/24/
25,pikachu,electric,4,35,55,40,50,50,90,https://pokeapi.co/api/v2/pokemon/25/
26,raichu,electric,8,60,90,55,90,80,110,https://pokeapi.co/api/v2/pokemon/26/
27,sandshrew,ground,6,50,75,85,20,30,40,https://pokeapi.co/api/v2/pokemon/27/
28,sandslash,ground,10,75,100,110,45,55,65,https://pokeapi.co/api/v2/pokemon/28/
29,nidoran-f,poison,4,55,47,52,40,40,41,https://pokeapi.co/api/v2/pokemon/29/
30,nidorina,poison,8,70,62,67,55,55,56,https://pokeapi.co/api/v2/pokemon/30/
31,nidoqueen,poison,13,90,92,87,75,85,76,https://pokeapi.co/api/v2/pokemon/31/
32,nidoran-m,poison,5,46,57,40,40,40,50,https://pokeapi.co/api/v2/pokemon/32/
33,nidorino,poison,9,61,72,57,55,55,65,https://pokeapi.co/api/v2/pokemon/33/
34,nidoking,poison,14,81,102,77,85,75,85,https://pokeapi.co/api/v2/pokemon/34/
35,clefairy,fairy,6,70,45,48,60,65,35,https://pokeapi.co/api/v2/pokemon/35/
36,clefable,fairy,13,95,70,73,95,90,60,https://pokeapi.co/api/v2/pokemon/36/
37,vulpix,fire,6,38,41,40,50,65,65,https://pokeapi.co/api/v2/pokemon/37/
38,ninetales,fire,11,73,76,75,81,100,100,https://pokeapi.co/api/v2/pokemon/38/
39,jigglypuff,normal,5,115,45,20,45,25,20,https://pokeapi.co/api/v2/pokemon/39/
40,wigglytuff,normal,10,140,70,45,85,50,45,https://pokeapi.co/api/v2/pokemon/40/
41,zubat,poison,8,40,45,35,30,40,55,https://pokeapi.co/api/v2/pokemon/41/
42,golbat,poison,16,75,80,70,65,75,90,https://pokeapi.co/api/v2/pokemon/42/
43,oddish,grass,5,45,50,55,75,65,30,https://pokeapi.co/api/v2/pokemon/43/
44,gloom,grass,8,60,65,70,85,75,40,https://pokeapi.co/api/v2/pokemon/44/
45,vileplume,grass,12,75,80,85,110,90,50,https://pokeapi.co/api/v2/pokemon/45/
46,paras,bug,3,35,70,55,45,55,25,https://pokeapi.co/api/v2/pokemon/46/
47,parasect,bug,10,60,95,80,60,80,30,https://pokeapi.co/api/v2/pokemon/47/
48,venonat,bug,10,60,55,50,40,55,45,https://pokeapi.co/api/v2/pokemon/48/
49,venomoth,bug,15,70,65,60,90,75,90,https://pokeapi.co/api/v2/pokemon/49/
50,diglett,ground,2,10,55,25,35,45,95,https://pokeapi.co/api/v2/pokemon/50/
51,dugtrio,ground,7,35,100,50,50,70,120,https://pokeapi.co/api/v2/pokemon/51/
52,meowth,normal,4,40,45,35,40,40,90,https://pokeapi.co/api/v2/pokemon/52/
53,persian,normal,10,65,70,60,65,65,115,https://pokeapi.co/api/v2/pokemon/53/
54,psyduck,water,8,50,52,48,65,50,55,https://pokeapi.co/api/v2/pokemon/54/
55,golduck,water,17,80,82,78,95,80,85,https://pokeapi.co/api/v2/pokemon/55/
56,mankey,fighting,5,40,80,35,35,45,70,https://pokeapi.co/api/v2/pokemon/56/
57,primeape,fighting,10,65,105,60,60,70,95,https://pokeapi.co/api/v2/pokemon/57/
58,growlithe,fire,7,55,70,45,70,50,60,https://pokeapi.co/api/v2/pokemon/58/
59,arcanine,fire,19,90,110,80,100,80,95,https://pokeapi.co/api/v2/pokemon/59/
60,poliwag,water,6,40,50,40,40,40,90,https://pokeapi.co/api/v2/pokemon/60/
61,poliwhirl,water,10,65,65,65,50,50,90,https://pokeapi.co/api/v2/pokemon/61/
62,poliwrath,water,13,90,95,95,70,90,70,https://pokeapi.co/api/v2/pokemon/62/
63,abra,psychic,9,25,20,15,105,55,90,https://pokeapi.co/api/v2/pokemon/63/
64,kadabra,psychic,13,40,35,30,120,70,105,https://pokeapi.co/api/v2/pokemon/64/
65,alakazam,psychic,15,55,50,45,135,95,120,https://pokeapi.co/api/v2/pokemon/65/
66,machop,fighting,8,70,80,50,35,35,35,https://pokeapi.co/api/v2/pokemon/66/
67,machoke,fighting,15,80,100,70,50,60,45,https://pokeapi.co/api/v2/pokemon/67/
68,machamp,fighting,16,90,130,80,65,85,55,https://pokeapi.co/api/v2/pokemon/68/
69,bellsprout,grass,7,50,75,35,70,30,40,https://pokeapi.co/api/v2/pokemon/69/
70,weepinbell,grass,10,65,90,50,85,45,55,https://pokeapi.co/api/v2/pokemon/70/
71,victreebel,grass,17,80,105,65,100,70,70,https://pokeapi.co/api/v2/pokemon/71/
72,tentacool,water,9,40,40,35,50,100,70,https://pokeapi.co/api/v2/pokemon/72/
73,tentacruel,water,16,80,70,65,80,120,100,https://pokeapi.co/api/v2/pokemon/73/
74,geodude,rock,4,40,80,100,30,30,20,https://pokeapi.co/api/v2/pokemon/74/
75,graveler,rock,10,55,95,115,45,45,35,https://pokeapi.co/api/v2/pokemon/75/
76,golem,rock,14,80,120,130,55,65,45,https://pokeapi.co/api/v2/pokemon/76/
77,ponyta,fire,10,50,85,55,65,65,90,https://pokeapi.co/api/v2/pokemon/77/
78,rapidash,fire,17,65,100,70,80,80,105,https://pokeapi.co/api/v2/pokemon/78/
79,slowpoke,water,12,90,65,65,40,40,15,https://pokeapi.co/api/v2/pokemon/79/
80,slowbro,water,16,95,75,110,100,80,30,https://pokeapi.co/api/v2/pokemon/80/
81,magnemite,electric,3,25,35,70,95,55,45,https://pokeapi.co/api/v2/pokemon/81/
82,magneton,electric,10,50,60,95,120,70,70,https://pokeapi.co/api/v2/pokemon/82/
83,farfetchd,normal,8,52,90,55,58,62,60,https://pokeapi.co/api/v2/pokemon/83/
84,doduo,normal,14,35,85,45,35,35,75,https://pokeapi.co/api/v2/pokemon/84/
85,dodrio,normal,18,60,110,70,60,60,110,https://pokeapi.co/api/v2/pokemon/85/
86,seel,water,11,65,45,55,45,70,45,https://pokeapi.co/api/v2/pokemon/86/
87,dewgong,water,17,90,70,80,70,95,70,https://pokeapi.co/api/v2/pokemon/87/
88,grimer,poison,9,80,80,50,40,50,25,https://pokeapi.co/api/v2/pokemon/88/
89,muk,poison,12,105,105,75,65,100,50,https://pokeapi.co/api/v2/pokemon/89/
90,shellder,water,3,30,65,100,45,25,40,https://pokeapi.co/api/v2/pokemon/90/
91,cloyster,water,15,50,95,180,85,45,70,https://pokeapi.co/api/v2/pokemon/91/
92,gastly,ghost,13,30,35,30,100,35,80,https://pokeapi.co/api/v2/pokemon/92/
93,haunter,ghost,16,45,50,45,115,55,95,https://pokeapi.co/api/v2/pokemon/93/
94,gengar,ghost,15,60,65,60,130,75,110,https://pokeapi.co/api/v2/pokemon/94/
95,onix,rock,88,35,45,160,30,45,70,https://pokeapi.co/api/v2/pokemon/95/
96,drowzee,psychic,10,60,48,45,43,90,42,https://pokeapi.co/api/v2/pokemon/96/
97,hypno,psychic,16,85,73,70,73,115,67,https://pokeapi.co/api/v2/pokemon/97/
98,krabby,water,4,30,105,90,25,25,50,https://pokeapi.co/api/v2/pokemon/98/
99,kingler,water,13,55,130,115,50,50,75,https://pokeapi.co/api/v2/pokemon/99/
100,voltorb,electric,5,40,30,50,55,55,100,https://pokeapi.co/api/v2/pokemon/100/
101,electrode,electric,12,60,50,70,80,80,150,https://pokeapi.co/api/v2/pokemon/101/
102,exeggcute,grass,4,60,40,80,60,45,40,https://pokeapi.co/api/v2/pokemon/102/
103,exeggutor,grass,20,95,95,85,125,75,55,https://pokeapi.co/api/v2/pokemon/103/
104,cubone,ground,4,50,50,95,40,50,35,https://pokeapi.co/api/v2/pokemon/104/
105,marowak,ground,10,60,80,110,50,80,45,https://pokeapi.co/api/v2/pokemon/105/
106,hitmonlee,fighting,15,50,120,53,35,110,87,https://pokeapi.co/api/v2/pokemon/106/
107,hitmonchan,fighting,14,50,105,79,35,110,76,https://pokeapi.co/api/v2/pokemon/107/
108,lickitung,normal,12,90,55,75,60,75,30,https://pokeapi.co/api/v2/pokemon/108/
109,koffing,poison,6,40,65,95,60,45,35,https://pokeapi.co/api/v2/pokemon/109/
110,weezing,poison,12,65,90,120,85,70,60,https://pokeapi.co/api/v2/pokemon/110/
111,rhyhorn,ground,10,80,85,95,30,30,25,https://pokeapi.co/api/v2/pokemon/111/
112,rhydon,ground,19,105,130,120,45,45,40,https://pokeapi.co/api/v2/pokemon/112/
113,chansey,normal,11,250,5,5,35,105,50,https://pokeapi.co/api/v2/pokemon/113/
114,tangela,grass,10,65,55,115,100,40,60,https://pokeapi.co/api/v2/pokemon/114/
115,kangaskhan,normal,22,105,95,80,40,80,90,https://pokeapi.co/api/v2/pokemon/115/
116,horsea,water,4,30,40,70,70,25,60,https://pokeapi.co/api/v2/pokemon/116/
117,seadra,water,12,55,65,95,95,45,85,https://pokeapi.co/api/v2/pokemon/117/
118,goldeen,water,6,45,67,60,35,50,63,https://pokeapi.co/api/v2/pokemon/118/
119,seaking,water,13,80,92,65,65,80,68,https://pokeapi.co/api/v2/pokemon/119/
120,staryu,water,8,30,45,55,70,55,85,https://pokeapi.co/api/v2/pokemon/120/
121,starmie,water,11,60,75,85,100,85,115,https://pokeapi.co/api/v2/pokemon/121/
122,mr-mime,psychic,13,40,45,65,100,120,90,https://pokeapi.co/api/v2/pokemon/122/
123,scyther,bug,15,70,110,80,55,80,105,https://pokeapi.co/api/v2/pokemon/123/
124,jynx,ice,14,65,50,35,115,95,95,https://pokeapi.co/api/v2/pokemon/124/
125,electabuzz,electric,11,65,83,57,95,85,105,https://pokeapi.co/api/v2/pokemon/125/
126,magmar,fire,13,65,95,57,100,85,93,https://pokeapi.co/api/v2/pokemon/126/
127,pinsir,bug,15,65,125,100,55,70,85,https://pokeapi.co/api/v2/pokemon/127/
128,tauros,normal,14,75,100,95,40,70,110,https://pokeapi.co/api/v2/pokemon/128/
129,magikarp,water,9,20,10,55,15,20,80,https://pokeapi.co/api/v2/pokemon/129/
130,gyarados,water,65,95,125,79,60,100,81,https://pokeapi.co/api/v2/pokemon/130/
131,lapras,water,25,130,85,80,85,95,60,https://pokeapi.co/api/v2/pokemon/131/
132,ditto,normal,3,48,48,48,48,48,48,https://pokeapi.co/api/v2/pokemon/132/
133,eevee,normal,3,55,55,50,45,65,55,https://pokeapi.co/api/v2/pokemon/133/
134,vaporeon,water,10,130,65,60,110,95,65,https://pokeapi.co/api/v2/pokemon/134/
135,jolteon,electric,8,65,65,60,110,95,130,https://pokeapi.co/api/v2/pokemon/135/
136,flareon,fire,9,65,130,60,95,110,65,https://pokeapi.co/api/v2/pokemon/136/
137,porygon,normal,8,65,60,70,85,75,40,https://pokeapi.co/api/v2/pokemon/137/
138,omanyte,rock,4,35,40,100,90,55,35,https://pokeapi.co/api/v2/pokemon/138/
139,omastar,rock,10,70,60,125,115,70,55,https://pokeapi.co/api/v2/pokemon/139/
140,kabuto,rock,5,30,80,90,55,45,55,https://pokeapi.co/api/v2/pokemon/140/
141,kabutops,rock,13,60,115,105,65,70,80,https://pokeapi.co/api/v2/pokemon/141/
142,aerodactyl,rock,18,80,105,65,60,75,130,https://pokeapi.co/api/v2/pokemon/142/
143,snorlax,normal,21,160,110,65,65,110,30,https://pokeapi.co/api/v2/pokemon/143/
144,articuno,ice,17,90,85,100,95,125,85,https://pokeapi.co/api/v2/pokemon/144/
145,zapdos,electric,16,90,90,85,125,90,100,https://pokeapi.co/api/v2/pokemon/145/
146,moltres,fire,20,90,100,90,125,85,90,https://pokeapi.co/api/v2/pokemon/146/
147,dratini,dragon,18,41,64,45,50,50,50,https://pokeapi.co/api/v2/pokemon/147/
148,dragonair,dragon,40,61,84,65,70,70,70,https://pokeapi.co/api/v2/pokemon/148/
149,dragonite,dragon,22,91,134,95,100,100,80,https://pokeapi.co/api/v2/pokemon/149/
150,mewtwo,psychic,20,106,110,90,154,90,130,https://pokeapi.co/api/v2/pokemon/150/
151,mew,psychic,4,100,100,100,100,100,100,https://pokeapi.co/api/v2/pokemon/151/
152,chikorita,grass,9,45,49,65,49,65,45,https://pokeapi.co/api/v2/pokemon/152/
153,bayleef,grass,12,60,62,80,63,80,60,https://pokeapi.co/api/v2/pokemon/153/
154,meganium,grass,18,80,82,100,83,100,80,https://pokeapi.co/api/v2/pokemon/154/
155,cyndaquil,fire,5,39,52,43,60,50,65,https://pokeapi.co/api/v2/pokemon/155/
156,quilava,fire,9,58,64,58,80,65,80,https://pokeapi.co/api/v2/pokemon/156/
157,typhlosion,fire,17,78,84,78,109,85,100,https://pokeapi.co/api/v2/pokemon/157/
158,totodile,water,6,50,65,64,44,48,43,https://pokeapi.co/api/v2/pokemon/158/
159,croconaw,water,11,65,80,80,59,63,58,https://pokeapi.co/api/v2/pokemon/159/
160,feraligatr,water,23,85,105,100,79,83,78,https://pokeapi.co/api/v2/pokemon/160/
161,sentret,normal,8,35,46,34,35,45,20,https://pokeapi.co/api/v2/pokemon/161/
162,furret,normal,18,85,76,64,45,55,90,https://pokeapi.co/api/v2/pokemon/162/
163,hoothoot,normal,7,60,30,30,36,56,50,https://pokeapi.co/api/v2/pokemon/163/
164,noctowl,normal,16,100,50,50,86,96,70,https://pokeapi.co/api/v2/pokemon/164/
165,ledyba,bug,10,40,20,30,40,80,55,https://pokeapi.co/api/v2/pokemon/165/
166,ledian,bug,14,55,35,50,55,110,85,https://pokeapi.co/api/v2/pokemon/166/
167,spinarak,bug,5,40,60,40,40,40,30,https://pokeapi.co/api/v2/pokemon/167/
168,ariados,bug,11,70,90,70,60,70,40,https://pokeapi.co/api/v2/pokemon/168/
169,crobat,poison,18,85,90,80,70,80,130,https://pokeapi.co/api/v2/pokemon/169/
170,chinchou,water,5,75,38,38,56,56,67,https://pokeapi.co/api/v2/pokemon/170/
171,lanturn,water,12,125,58,58,76,76,67,https://pokeapi.co/api/v2/pokemon/171/
172,pichu,electric,3,20,40,15,35,35,60,https://pokeapi.co/api/v2/pokemon/172/
173,cleffa,fairy,3,50,25,28,45,55,15,https://pokeapi.co/api/v2/pokemon/173/
174,igglybuff,normal,3,90,30,15,40,20,15,https://pokeapi.co/api/v2/pokemon/174/
175,togepi,fairy,3,35,20,65,40,65,20,https://pokeapi.co/api/v2/pokemon/175/
176,togetic,fairy,6,55,40,85,80,105,40,https://pokeapi.co/api/v2/pokemon/176/
177,natu,psychic,2,40,50,45,70,45,70,https://pokeapi.co/api/v2/pokemon/177/
178,xatu,psychic,15,65,75,70,95,70,95,https://pokeapi.co/api/v2/pokemon/178/
179,mareep,electric,6,55,40,40,65,45,35,https://pokeapi.co/api/v2/pokemon/179/
180,flaaffy,electric,8,70,55,55,80,60,45,https://pokeapi.co/api/v2/pokemon/180/
181,ampharos,electric,14,90,75,85,115,90,55,https://pokeapi.co/api/v2/pokemon/181/
182,bellossom,grass,4,75,80,95,90,100,50,https://pokeapi.co/api/v2/pokemon/182/
183,marill,water,4,70,20,50,20,50,40,https://pokeapi.co/api/v2/pokemon/183/
184,azumarill,water,8,100,50,80,60,80,50,https://pokeapi.co/api/v2/pokemon/184/
185,sudowoodo,rock,12,70,100,115,30,65,30,https://pokeapi.co/api/v2/pokemon/185/
186,politoed,water,11,90,75,75,90,100,70,https://pokeapi.co/api/v2/pokemon/186/
187,hoppip,grass,4,35,35,40,35,55,50,https://pokeapi.co/api/v2/pokemon/187/
188,skiploom,grass,6,55,45,50,45,65,80,https://pokeapi.co/api/v2/pokemon/188/
189,jumpluff,grass,8,75,55,70,55,95,110,https://pokeapi.co/api/v2/pokemon/189/
190,aipom,normal,8,55,70,55,40,55,85,https://pokeapi.co/api/v2/pokemon/190/
191,sunkern,grass,3,30,30,30,30,30,30,https://pokeapi.co/api/v2/pokemon/191/
192,sunflora,grass,8,75,75,55,105,85,30,https://pokeapi.co/api/v2/pokemon/192/
193,yanma,bug,12,65,65,45,75,45,95,https://pokeapi.co/api/v2/pokemon/193/
194,wooper,water,4,55,45,45,25,25,15,https://pokeapi.co/api/v2/pokemon/194/
195,quagsire,water,14,95,85,85,65,65,35,https://pokeapi.co/api/v2/pokemon/195/
196,espeon,psychic,9,65,65,60,130,95,110,https://pokeapi.co/api/v2/pokemon/196/
197,umbreon,dark,10,95,65,110,60,130,65,https://pokeapi.co/api/v2/pokemon/197/
198,murkrow,dark,5,60,85,42,85,42,91,https://pokeapi.co/api/v2/pokemon/198/
199,slowking,water,20,95,75,80,100,110,30,https://pokeapi.co/api/v2/pokemon/199/
200,misdreavus,ghost,7,60,60,60,85,85,85,https://pokeapi.co/api/v2/pokemon/200/
201,unown,psychic,5,48,72,48,72,48,48,https://pokeapi.co/api/v2/pokemon/201/
202,wobbuffet,psychic,13,190,33,58,33,58,33,https://pokeapi.co/api/v2/pokemon/202/
203,girafarig,normal,15,70,80,65,90,65,85,https://pokeapi.co/api/v2/pokemon/203/
204,pineco,bug,6,50,65,90,35,35,15,https://pokeapi.co/api/v2/pokemon/204/
205,forretress,bug,12,75,90,140,60,60,40,https://pokeapi.co/api/v2/pokemon/205/
206,dunsparce,normal,15,100,70,70,65,65,45,https://pokeapi.co/api/v2/pokemon/206/
207,gligar,ground,11,65,75,105,35,65,85,https://pokeapi.co/api/v2/pokemon/207/
208,steelix,steel,92,75,85,200,55,65,30,https://pokeapi.co/api/v2/pokemon/208/
209,snubbull,fairy,6,60,80,50,40,40,30,https://pokeapi.co/api/v2/pokemon/209/
210,granbull,fairy,14,90,120,75,60,60,45,https://pokeapi.co/api/v2/pokemon/210/
211,qwilfish,water,5,65,95,85,55,55,85,https://pokeapi.co/api/v2/pokemon/211/
212,scizor,bug,18,70,130,100,55,80,65,https://pokeapi.co/api/v2/pokemon/212/
213,shuckle,bug,6,20,10,230,10,230,5,https://pokeapi.co/api/v2/pokemon/213/
214,heracross,bug,15,80,125,75,40,95,85,https://pokeapi.co/api/v2/pokemon/214/
215,sneasel,dark,9,55,95,55,35,75,115,https://pokeapi.co/api/v2/pokemon/215/
216,teddiursa,normal,6,60,80,50,50,50,40,https://pokeapi.co/api/v2/pokemon/216/
217,ursaring,normal,18,90,130,75,75,75,55,https://pokeapi.co/api/v2/pokemon/217/
218,slugma,fire,7,40,40,40,70,40,20,https://pokeapi.co/api/v2/pokemon/218/
219,magcargo,fire,8,60,50,120,90,80,30,https://pokeapi.co/api/v2/pokemon/219/
220,swinub,ice,4,50,50,40,30,30,50,https://pokeapi.co/api/v2/pokemon/220/
221,piloswine,ice,11,100,100,80,60,60,50,https://pokeapi.co/api/v2/pokemon/221/
222,corsola,water,6,65,55,95,65,95,35,https://pokeapi.co/api/v2/pokemon/222/
223,remoraid,water,6,35,65,35,65,35,65,https://pokeapi.co/api/v2/pokemon/223/
224,octillery,water,9,75,105,75,105,75,45,https://pokeapi.co/api/v2/pokemon/224/
225,delibird,ice,9,45,55,45,65,45,75,https://pokeapi.co/api/v2/pokemon/225/
226,mantine,water,21,85,40,70,80,140,70,https://pokeapi.co/api/v2/pokemon/226/
227,skarmory,steel,17,65,80,140,40,70,70,https://pokeapi.co/api/v2/pokemon/227/
228,houndour,dark,6,45,60,30,80,50,65,https://pokeapi.co/api/v2/pokemon/228/
229,houndoom,dark,14,75,90,50,110,80,95,https://pokeapi.co/api/v2/pokemon/229/
230,kingdra,water,18,75,95,95,95,95,85,https://pokeapi.co/api/v2/pokemon/230/
231,phanpy,ground,5,90,60,60,40,40,40,https://pokeapi.co/api/v2/pokemon/231/
232,donphan,ground,11,90,120,120,60,60,50,https://pokeapi.co/api/v2/pokemon/232/
233,porygon2,normal,6,85,80,90,105,95,60,https://pokeapi.co/api/v2/pokemon/233/
234,stantler,normal,14,73,95,62,85,65,85,https://pokeapi.co/api/v2/pokemon/234/
235,smeargle,normal,12,55,20,35,20,45,75,https://pokeapi.co/api/v2/pokemon/235/
236,tyrogue,fighting,7,35,35,35,35,35,35,https://pokeapi.co/api/v2/pokemon/236/
237,hitmontop,fighting,14,50,95,95,35,110,70,https://pokeapi.co/api/v2/pokemon/237/
238,smoochum,ice,4,45,30,15,85,65,65,https://pokeapi.co/api/v2/pokemon/238/
239,elekid,electric,6,45,63,37,65,55,95,https://pokeapi.co/api/v2/pokemon/239/
240,magby,fire,7,45,75,37,70,55,83,https://pokeapi.co/api/v2/pokemon/240/
241,miltank,normal,12,95,80,105,40,70,100,https://pokeapi.co/api/v2/pokemon/241/
242,blissey,normal,15,255,10,10,75,135,55,https://pokeapi.co/api/v2/pokemon/242/
243,raikou,electric,19,90,85,75,115,100,115,https://pokeapi.co/api/v2/pokemon/243/
244,entei,fire,21,115,115,85,90,75,100,https://pokeapi.co/api/v2/pokemon/244/
245,suicune,water,20,100,75,115,90,115,85,https://pokeapi.co/api/v2/pokemon/245/
246,larvitar,rock,6,50,64,50,45,50,41,https://pokeapi.co/api/v2/pokemon/246/
247,pupitar,rock,12,70,84,70,65,70,51,https://pokeapi.co/api/v2/pokemon/247/
248,tyranitar,rock,20,100,134,110,95,100,61,https://pokeapi.co/api/v2/pokemon/248/
249,lugia,psychic,52,106,90,130,90,154,110,https://pokeapi.co/api/v2/pokemon/249/
250,ho-oh,fire,38,106,130,90,110,154,90,https://pokeapi.co/api/v2/pokemon/250/
251,celebi,psychic,6,100,100,100,100,100,100,https://pokeapi.co/api/v2/pokemon/251/
252,treecko,grass,5,40,45,35,65,55,70,https://pokeapi.co/api/v2/pokemon/252/
253,grovyle,grass,9,50,65,45,85,65,95,https://pokeapi.co/api/v2/pokemon/253/
254,sceptile,grass,17,70,85,65,105,85,120,https://pokeapi.co/api/v2/pokemon/254/
255,torchic,fire,4,45,60,40,70,50,45,https://pokeapi.co/api/v2/pokemon/255/
256,combusken,fire,9,60,85,60,85,60,55,https://pokeapi.co/api/v2/pokemon/256/
257,blaziken,fire,19,80,120,70,110,70,80,https://pokeapi.co/api/v2/pokemon/257/
258,mudkip,water,4,50,70,50,50,50,40,https://pokeapi.co/api/v2/pokemon/258/
259,marshtomp,water,7,70,85,70,60,70,50,https://pokeapi.co/api/v2/pokemon/259/
260,swampert,water,15,100,110,90,85,90,60,https://pokeapi.co/api/v2/pokemon/260/
261,poochyena,dark,5,35,55,35,30,30,35,https://pokeapi.co/api/v2/pokemon/261/
262,mightyena,dark,10,70,90,70,60,60,70,https://pokeapi.co/api/v2/pokemon/262/
263,zigzagoon,normal,4,38,30,41,30,41,60,https://pokeapi.co/api/v2/pokemon/263/
264,linoone,normal,5,78,70,61,50,61,100,https://pokeapi.co/api/v2/pokemon/264/
265,wurmple,bug,3,45,45,35,20,30,20,https://pokeapi.co/api/v2/pokemon/265/
266,silcoon,bug,6,50,35,55,25,25,15,https://pokeapi.co/api/v2/pokemon/266/
267,beautifly,bug,10,60,70,50,100,50,65,https://pokeapi.co/api/v2/pokemon/267/
268,cascoon,bug,7,50,35,55,25,25,15,https://pokeapi.co/api/v2/pokemon/268/
269,dustox,bug,12,60,50,70,50,90,65,https://pokeapi.co/api/v2/pokemon/269/
270,lotad,water,5,40,30,30,40,50,30,https://pokeapi.co/api/v2/pokemon/270/
271,lombre,water,12,60,50,50,60,70,50,https://pokeapi.co/api/v2/pokemon/271/
272,ludicolo,water,15,80,70,70,90,100,70,https://pokeapi.co/api/v2/pokemon/272/
273,seedot,grass,5,40,40,50,30,30,30,https://pokeapi.co/api/v2/pokemon/273/
274,nuzleaf,grass,10,70,70,40,60,40,60,https://pokeapi.co/api/v2/pokemon/274/
275,shiftry,grass,13,90,100,60,90,60,80,https://pokeapi.co/api/v2/pokemon/275/
276,taillow,normal,3,40,55,30,30,30,85,https://pokeapi.co/api/v2/pokemon/276/
277,swellow,normal,7,60,85,60,75,50,125,https://pokeapi.co/api/v2/pokemon/277/
278,wingull,water,6,40,30,30,55,30,85,https://pokeapi.co/api/v2/pokemon/278/
279,pelipper,water,12,60,50,100,95,70,65,https://pokeapi.co/api/v2/pokemon/279/
280,ralts,psychic,4,28,25,25,45,35,40,https://pokeapi.co/api/v2/pokemon/280/
281,kirlia,psychic,8,38,35,35,65,55,50,https://pokeapi.co/api/v2/pokemon/281/
282,gardevoir,psychic,16,68,65,65,125,115,80,https://pokeapi.co/api/v2/pokemon/282/
283,surskit,bug,5,40,30,32,50,52,65,https://pokeapi.co/api/v2/pokemon/283/
284,masquerain,bug,8,70,60,62,100,82,80,https://pokeapi.co/api/v2/pokemon/284/
285,shroomish,grass,4,60,40,60,40,60,35,https://pokeapi.co/api/v2/pokemon/285/
286,breloom,grass,12,60,130,80,60,60,70,https://pokeapi.co/api/v2/pokemon/286/
287,slakoth,normal,8,60,60,60,35,35,30,https://pokeapi.co/api/v2/pokemon/287/
288,vigoroth,normal,14,80,80,80,55,55,90,https://pokeapi.co/api/v2/pokemon/288/
289,slaking,normal,20,150,160,100,95,65,100,https://pokeapi.co/api/v2/pokemon/289/
290,nincada,bug,5,31,45,90,30,30,40,https://pokeapi.co/api/v2/pokemon/290/
291,ninjask,bug,8,61,90,45,50,50,160,https://pokeapi.co/api/v2/pokemon/291/
292,shedinja,bug,8,1,90,45,30,30,40,https://pokeapi.co/api/v2/pokemon/292/
293,whismur,normal,6,64,51,23,51,23,28,https://pokeapi.co/api/v2/pokemon/293/
294,loudred,normal,10,84,71,43,71,43,48,https://pokeapi.co/api/v2/pokemon/294/
295,exploud,normal,15,104,91,63,91,73,68,https://pokeapi.co/api/v2/pokemon/295/
296,makuhita,fighting,10,72,60,30,20,30,25,https://pokeapi.co/api/v2/pokemon/296/
297,hariyama,fighting,23,144,120,60,40,60,50,https://pokeapi.co/api/v2/pokemon/297/
298,azurill,normal,2,50,20,40,20,40,20,https://pokeapi.co/api/v2/pokemon/298/
299,nosepass,rock,10,30,45,135,45,90,30,https://pokeapi.co/api/v2/pokemon/299/
300,skitty,normal,6,50,45,45,35,35,50,https://pokeapi.co/api/v2/pokemon/300/
301,delcatty,normal,11,70,65,65,55,55,90,https://pokeapi.co/api/v2/pokemon/301/
302,sableye,dark,5,50,75,75,65,65,50,https://pokeapi.co/api/v2/pokemon/302/
303,mawile,steel,6,50,85,85,55,55,50,https://pokeapi.co/api/v2/pokemon/303/
304,aron,steel,4,50,70,100,40,40,30,https://pokeapi.co/api/v2/pokemon/304/
305,lairon,steel,9,60,90,140,50,50,40,https://pokeapi.co/api/v2/pokemon/305/
306,aggron,steel,21,70,110,180,60,60,50,https://pokeapi.co/api/v2/pokemon/306/
307,meditite,fighting,6,30,40,55,40,55,60,https://pokeapi.co/api/v2/pokemon/307/
308,medicham,fighting,13,60,60,75,60,75,80,https://pokeapi.co/api/v2/pokemon/308/
309,electrike,electric,6,40,45,40,65,40,65,https://pokeapi.co/api/v2/pokemon/309/
310,manectric,electric,15,70,75,60,105,60,105,https://pokeapi.co/api/v2/pokemon/310/
311,plusle,electric,4,60,50,40,85,75,95,https://pokeapi.co/api/v2/pokemon/311/
312,minun,electric,4,60,40,50,75,85,95,https://pokeapi.co/api/v2/pokemon/312/
313,volbeat,bug,7,65,73,75,47,85,85,https://pokeapi.co/api/v2/pokemon/313/
314,illumise,bug,6,65,47,75,73,85,85,https://pokeapi.co/api/v2/pokemon/314/
315,roselia,grass,3,50,60,45,100,80,65,https://pokeapi.co/api/v2/pokemon/315/
316,gulpin,poison,4,70,43,53,43,53,40,https://pokeapi.co/api/v2/pokemon/316/
317,swalot,poison,17,100,73,83,73,83,55,https://pokeapi.co/api/v2/pokemon/317/
318,carvanha,water,8,45,90,20,65,20,65,https://pokeapi.co/api/v2/pokemon/318/
319,sharpedo,water,18,70,120,40,95,40,95,https://pokeapi.co/api/v2/pokemon/319/
320,wailmer,water,20,130,70,35,70,35,60,https://pokeapi.co/api/v2/pokemon/320/
321,wailord,water,145,170,90,45,90,45,60,https://pokeapi.co/api/v2/pokemon/321/
322,numel,fire,7,60,60,40,65,45,35,https://pokeapi.co/api/v2/pokemon/322/
323,camerupt,fire,19,70,100,70,105,75,40,https://pokeapi.co/api/v2/pokemon/323/
324,torkoal,fire,5,70,85,140,85,70,20,https://pokeapi.co/api/v2/pokemon/324/
325,spoink,psychic,7,60,25,35,70,80,60,https://pokeapi.co/api/v2/pokemon/325/
326,grumpig,psychic,9,80,45,65,90,110,80,https://pokeapi.co/api/v2/pokemon/326/
327,spinda,normal,11,60,60,60,60,60,60,https://pokeapi.co/api/v2/pokemon/327/
328,trapinch,ground,7,45,100,45,45,45,10,https://pokeapi.co/api/v2/pokemon/328/
329,vibrava,ground,11,50,70,50,50,50,70,https://pokeapi.co/api/v2/pokemon/329/
330,flygon,ground,20,80,100,80,80,80,100,https://pokeapi.co/api/v2/pokemon/330/
331,cacnea,grass,4,50,85,40,85,40,35,https://pokeapi.co/api/v2/pokemon/331/
332,cacturne,grass,13,70,115,60,115,60,55,https://pokeapi.co/api/v2/pokemon/332/
333,swablu,normal,4,45,40,60,40,75,50,https://pokeapi.co/api/v2/pokemon/333/
334,altaria,dragon,11,75,70,90,70,105,80,https://pokeapi.co/api/v2/pokemon/334/
335,zangoose,normal,13,73,115,60,60,60,90,https://pokeapi.co/api/v2/pokemon/335/
336,seviper,poison,27,73,100,60,100,60,65,https://pokeapi.co/api/v2/pokemon/336/
337,lunatone,rock,10,90,55,65,95,85,70,https://pokeapi.co/api/v2/pokemon/337/
338,solrock,rock,12,90,95,85,55,65,70,https://pokeapi.co/api/v2/pokemon/338/
339,barboach,water,4,50,48,43,46,41,60,https://pokeapi.co/api/v2/pokemon/339/
340,whiscash,water,9,110,78,73,76,71,60,https://pokeapi.co/api/v2/pokemon/340/
341,corphish,water,6,43,80,65,50,35,35,https://pokeapi.co/api/v2/pokemon/341/
342,crawdaunt,water,11,63,120,85,90,55,55,https://pokeapi.co/api/v2/pokemon/342/
343,baltoy,ground,5,40,40,55,40,70,55,https://pokeapi.co/api/v2/pokemon/343/
344,claydol,ground,15,60,70,105,70,120,75,https://pokeapi.co/api/v2/pokemon/344/
345,lileep,rock,10,66,41,77,61,87,23,https://pokeapi.co/api/v2/pokemon/345/
346,cradily,rock,15,86,81,97,81,107,43,https://pokeapi.co/api/v2/pokemon/346/
347,anorith,rock,7,45,95,50,40,50,75,https://pokeapi.co/api/v2/pokemon/347/
348,armaldo,rock,15,75,125,100,70,80,45,https://pokeapi.co/api/v2/pokemon/348/
349,feebas,water,6,20,15,20,10,55,80,https://pokeapi.co/api/v2/pokemon/349/
350,milotic,water,62,95,60,79,100,125,81,https://pokeapi.co/api/v2/pokemon/350/
351,castform,normal,3,70,70,70,70,70,70,https://pokeapi.co/api/v2/pokemon/351/
352,kecleon,normal,10,60,90,70,60,120,40,https://pokeapi.co/api/v2/pokemon/352/
353,shuppet,ghost,6,44,75,35,63,33,45,https://pokeapi.co/api/v2/pokemon/353/
354,banette,ghost,11,64,115,65,83,63,65,https://pokeapi.co/api/v2/pokemon/354/
355,duskull,ghost,8,20,40,90,30,90,25,https://pokeapi.co/api/v2/pokemon/355/
356,dusclops,ghost,16,40,70,130,60,130,25,https://pokeapi.co/api/v2/pokemon/356/
357,tropius,grass,20,99,68,83,72,87,51,https://pokeapi.co/api/v2/pokemon/357/
358,chimecho,psychic,6,75,50,80,95,90,65,https://pokeapi.co/api/v2/pokemon/358/
359,absol,dark,12,65,130,60,75,60,75,https://pokeapi.co/api/v2/pokemon/359/
360,wynaut,psychic,6,95,23,48,23,48,23,https://pokeapi.co/api/v2/pokemon/360/
361,snorunt,ice,7,50,50,50,50,50,50,https://pokeapi.co/api/v2/pokemon/361/
362,glalie,ice,15,80,80,80,80,80,80,https://pokeapi.co/api/v2/pokemon/362/
363,spheal,ice,8,70,40,50,55,50,25,https://pokeapi.co/api/v2/pokemon/363/
364,sealeo,ice,11,90,60,70,75,70,45,https://pokeapi.co/api/v2/pokemon/364/
365,walrein,ice,14,110,80,90,95,90,65,https://pokeapi.co/api/v2/pokemon/365/
366,clamperl,water,4,35,64,85,74,55,32,https://pokeapi.co/api/v2/pokemon/366/
367,huntail,water,17,55,104,105,94,75,52,https://pokeapi.co/api/v2/pokemon/367/
368,gorebyss,water,18,55,84,105,114,75,52,https://pokeapi.co/api/v2/pokemon/368/
369,relicanth,water,10,100,90,130,45,65,55,https://pokeapi.co/api/v2/pokemon/369/
370,luvdisc,water,6,43,30,55,40,65,97,https://pokeapi.co/api/v2/pokemon/370/
371,bagon,dragon,6,45,75,60,40,30,50,https://pokeapi.co/api/v2/pokemon/371/
372,shelgon,dragon,11,65,95,100,60,50,50,https://pokeapi.co/api/v2/pokemon/372/
373,salamence,dragon,15,95,135,80,110,80,100,https://pokeapi.co/api/v2/pokemon/373/
374,beldum,steel,6,40,55,80,35,60,30,https://pokeapi.co/api/v2/pokemon/374/
375,metang,steel,12,60,75,100,55,80,50,https://pokeapi.co/api/v2/pokemon/375/
376,metagross,steel,16,80,135,130,95,90,70,https://pokeapi.co/api/v2/pokemon/376/
377,regirock,rock,17,80,100,200,50,100,50,https://pokeapi.co/api/v2/pokemon/377/
378,regice,ice,18,80,50,100,100,200,50,https://pokeapi.co/api/v2/pokemon/378/
379,registeel,steel,19,80,75,150,75,150,50,https://pokeapi.co/api/v2/pokemon/379/
380,latias,dragon,14,80,80,90,110,130,110,https://pokeapi.co/api/v2/pokemon/380/
381,latios,dragon,20,80,90,80,130,110,110,https://pokeapi.co/api/v2/pokemon/381/
382,kyogre,water,45,100,100,90,150,140,90,https://pokeapi.co/api/v2/pokemon/382/
383,groudon,ground,35,100,150,140,100,90,90,https://pokeapi.co/api/v2/pokemon/383/
384,rayquaza,dragon,70,105,150,90,150,90,95,https://pokeapi.co/api/v2/pokemon/384/
385,jirachi,steel,3,100,100,100,100,100,100,https://pokeapi.co/api/v2/pokemon/385/
386,deoxys-normal,psychic,17,50,150,50,150,50,150,https://pokeapi.co/api/v2/pokemon/386/
387,turtwig,grass,4,55,68,64,45,55,31,https://pokeapi.co/api/v2/pokemon/387/
388,grotle,grass,11,75,89,85,55,65,36,https://pokeapi.co/api/v2/pokemon/388/
389,torterra,grass,22,95,109,105,75,85,56,https://pokeapi.co/api/v2/pokemon/389/
390,chimchar,fire,5,44,58,44,58,44,61,https://pokeapi.co/api/v2/pokemon/390/
391,monferno,fire,9,64,78,52,78,52,81,https://pokeapi.co/api/v2/pokemon/391/
392,infernape,fire,12,76,104,71,104,71,108,https://pokeapi.co/api/v2/pokemon/392/
393,piplup,water,4,53,51,53,61,56,40,https://pokeapi.co/api/v2/pokemon/393/
394,prinplup,water,8,64,66,68,81,76,50,https://pokeapi.co/api/v2/pokemon/394/
395,empoleon,water,17,84,86,88,111,101,60,https://pokeapi.co/api/v2/pokemon/395/
396,starly,normal,3,40,55,30,30,30,60,https://pokeapi.co/api/v2/pokemon/396/
397,staravia,normal,6,55,75,50,40,40,80,https://pokeapi.co/api/v2/pokemon/397/
398,staraptor,normal,12,85,120,70,50,60,100,https://pokeapi.co/api/v2/pokemon/398/
399,bidoof,normal,5,59,45,40,35,40,31,https://pokeapi.co/api/v2/pokemon/399/
400,bibarel,normal,10,79,85,60,55,60,71,https://pokeapi.co/api/v2/pokemon/400/
401,kricketot,bug,3,37,25,41,25,41,25,https://pokeapi.co/api/v2/pokemon/401/
402,kricketune,bug,10,77,85,51,55,51,65,https://pokeapi.co/api/v2/pokemon/402/
403,shinx,electric,5,45,65,34,40,34,45,https://pokeapi.co/api/v2/pokemon/403/
404,luxio,electric,9,60,85,49,60,49,60,https://pokeapi.co/api/v2/pokemon/404/
405,luxray,electric,14,80,120,79,95,79,70,https://pokeapi.co/api/v2/pokemon/405/
406,budew,grass,2,40,30,35,50,70,55,https://pokeapi.co/api/v2/pokemon/406/
407,roserade,grass,9,60,70,65,125,105,90,https://pokeapi.co/api/v2/pokemon/407/
408,cranidos,rock,9,67,125,40,30,30,58,https://pokeapi.co/api/v2/pokemon/408/
409,rampardos,rock,16,97,165,60,65,50,58,https://pokeapi.co/api/v2/pokemon/409/
410,shieldon,rock,5,30,42,118,42,88,30,https://pokeapi.co/api/v2/pokemon/410/
411,bastiodon,rock,13,60,52,168,47,138,30,https://pokeapi.co/api/v2/pokemon/411/
412,burmy,bug,2,40,29,45,29,45,36,https://pokeapi.co/api/v2/pokemon/412/
413,wormadam-plant,bug,5,60,59,85,79,105,36,https://pokeapi.co/api/v2/pokemon/413/
414,mothim,bug,9,70,94,50,94,50,66,https://pokeapi.co/api/v2/pokemon/414/
415,combee,bug,3,30,30,42,30,42,70,https://pokeapi.co/api/v2/pokemon/415/
416,vespiquen,bug,12,70,80,102,80,102,40,https://pokeapi.co/api/v2/pokemon/416/
417,pachirisu,electric,4,60,45,70,45,90,95,https://pokeapi.co/api/v2/pokemon/417/
418,buizel,water,7,55,65,35,60,30,85,https://pokeapi.co/api/v2/pokemon/418/
419,floatzel,water,11,85,105,55,85,50,115,https://pokeapi.co/api/v2/pokemon/419/
420,cherubi,grass,4,45,35,45,62,53,35,https://pokeapi.co/api/v2/pokemon/420/
421,cherrim,grass,5,70,60,70,87,78,85,https://pokeapi.co/api/v2/pokemon/421/
422,shellos,water,3,76,48,48,57,62,34,https://pokeapi.co/api/v2/pokemon/422/
423,gastrodon,water,9,111,83,68,92,82,39,https://pokeapi.co/api/v2/pokemon/423/
424,ambipom,normal,12,75,100,66,60,66,115,https://pokeapi.co/api/v2/pokemon/424/
425,drifloon,ghost,4,90,50,34,60,44,70,https://pokeapi.co/api/v2/pokemon/425/
426,drifblim,ghost,12,150,80,44,90,54,80,https://pokeapi.co/api/v2/pokemon/426/
427,buneary,normal,4,55,66,44,44,56,85,https://pokeapi.co/api/v2/pokemon/427/
428,lopunny,normal,12,65,76,84,54,96,105,https://pokeapi.co/api/v2/pokemon/428/
429,mismagius,ghost,9,60,60,60,105,105,105,https://pokeapi.co/api/v2/pokemon/429/
430,honchkrow,dark,9,100,125,52,105,52,71,https://pokeapi.co/api/v2/pokemon/430/
431,glameow,normal,5,49,55,42,42,37,85,https://pokeapi.co/api/v2/pokemon/431/
432,purugly,normal,10,71,82,64,64,59,112,https://pokeapi.co/api/v2/pokemon/432/
433,chingling,psychic,2,45,30,50,65,50,45,https://pokeapi.co/api/v2/pokemon/433/
434,stunky,poison,4,63,63,47,41,41,74,https://pokeapi.co/api/v2/pokemon/434/
435,skuntank,poison,10,103,93,67,71,61,84,https://pokeapi.co/api/v2/pokemon/435/
436,bronzor,steel,5,57,24,86,24,86,23,https://pokeapi.co/api/v2/pokemon/436/
437,bronzong,steel,13,67,89,116,79,116,33,https://pokeapi.co/api/v2/pokemon/437/
438,bonsly,rock,5,50,80,95,10,45,10,https://pokeapi.co/api/v2/pokemon/438/
439,mime-jr,psychic,6,20,25,45,70,90,60,https://pokeapi.co/api/v2/pokemon/439/
440,happiny,normal,6,100,5,5,15,65,30,https://pokeapi.co/api/v2/pokemon/440/
441,chatot,normal,5,76,65,45,92,42,91,https://pokeapi.co/api/v2/pokemon/441/
442,spiritomb,ghost,10,50,92,108,92,108,35,https://pokeapi.co/api/v2/pokemon/442/
443,gible,dragon,7,58,70,45,40,45,42,https://pokeapi.co/api/v2/pokemon/443/
444,gabite,dragon,14,68,90,65,50,55,82,https://pokeapi.co/api/v2/pokemon/444/
445,garchomp,dragon,19,108,130,95,80,85,102,https://pokeapi.co/api/v2/pokemon/445/
446,munchlax,normal,6,135,85,40,40,85,5,https://pokeapi.co/api/v2/pokemon/446/
447,riolu,fighting,7,40,70,40,35,40,60,https://pokeapi.co/api/v2/pokemon/447/
448,lucario,fighting,12,70,110,70,115,70,90,https://pokeapi.co/api/v2/pokemon/448/
449,hippopotas,ground,8,68,72,78,38,42,32,https://pokeapi.co/api/v2/pokemon/449/
450,hippowdon,ground,20,108,112,118,68,72,47,https://pokeapi.co/api/v2/pokemon/450/
451,skorupi,poison,8,40,50,90,30,55,65,https://pokeapi.co/api/v2/pokemon/451/
452,drapion,poison,13,70,90,110,60,75,95,https://pokeapi.co/api/v2/pokemon/452/
453,croagunk,poison,7,48,61,40,61,40,50,https://pokeapi.co/api/v2/pokemon/453/
454,toxicroak,poison,13,83,106,65,86,65,85,https://pokeapi.co/api/v2/pokemon/454/
455,carnivine,grass,14,74,100,72,90,72,46,https://pokeapi.co/api/v2/pokemon/455/
456,finneon,water,4,49,49,56,49,61,66,https://pokeapi.co/api/v2/pokemon/456/
457,lumineon,water,12,69,69,76,69,86,91,https://pokeapi.co/api/v2/pokemon/457/
458,mantyke,water,10,45,20,50,60,120,50,https://pokeapi.co/api/v2/pokemon/458/
459,snover,grass,10,60,62,50,62,60,40,https://pokeapi.co/api/v2/pokemon/459/
460,abomasnow,grass,22,90,92,75,92,85,60,https://pokeapi.co/api/v2/pokemon/460/
461,weavile,dark,11,70,120,65,45,85,125,https://pokeapi.co/api/v2/pokemon/461/
462,magnezone,electric,12,70,70,115,130,90,60,https://pokeapi.co/api/v2/pokemon/462/
463,lickilicky,normal,17,110,85,95,80,95,50,https://pokeapi.co/api/v2/pokemon/463/
464,rhyperior,ground,24,115,140,130,55,55,40,https://pokeapi.co/api/v2/pokemon/464/
465,tangrowth,grass,20,100,100,125,110,50,50,https://pokeapi.co/api/v2/pokemon/465/
466,electivire,electric,18,75,123,67,95,85,95,https://pokeapi.co/api/v2/pokemon/466/
467,magmortar,fire,16,75,95,67,125,95,83,https://pokeapi.co/api/v2/pokemon/467/
468,togekiss,fairy,15,85,50,95,120,115,80,https://pokeapi.co/api/v2/pokemon/468/
469,yanmega,bug,19,86,76,86,116,56,95,https://pokeapi.co/api/v2/pokemon/469/
470,leafeon,grass,10,65,110,130,60,65,95,https://pokeapi.co/api/v2/pokemon/470/
471,glaceon,ice,8,65,60,110,130,95,65,https://pokeapi.co/api/v2/pokemon/471/
472,gliscor,ground,20,75,95,125,45,75,95,https://pokeapi.co/api/v2/pokemon/472/
473,mamoswine,ice,25,110,130,80,70,60,80,https://pokeapi.co/api/v2/pokemon/473/
474,porygon-z,normal,9,85,80,70,135,75,90,https://pokeapi.co/api/v2/pokemon/474/
475,gallade,psychic,16,68,125,65,65,115,80,https://pokeapi.co/api/v2/pokemon/475/
476,probopass,rock,14,60,55,145,75,150,40,https://pokeapi.co/api/v2/pokemon/476/
477,dusknoir,ghost,22,45,100,135,65,135,45,https://pokeapi.co/api/v2/pokemon/477/
478,froslass,ice,13,70,80,70,80,70,110,https://pokeapi.co/api/v2/pokemon/478/
479,rotom,electric,3,50,50,77,95,77,91,https://pokeapi.co/api/v2/pokemon/479/
480,uxie,psychic,3,75,75,130,75,130,95,https://pokeapi.co/api/v2/pokemon/480/
481,mesprit,psychic,3,80,105,105,105,105,80,https://pokeapi.co/api/v2/pokemon/481/
482,azelf,psychic,3,75,125,70,125,70,115,https://pokeapi.co/api/v2/pokemon/482/
483,dialga,steel,54,100,120,120,150,100,90,https://pokeapi.co/api/v2/pokemon/483/
484,palkia,water,42,90,120,100,150,120,100,https://pokeapi.co/api/v2/pokemon/484/
485,heatran,fire,17,91,90,106,130,106,77,https://pokeapi.co/api/v2/pokemon/485/
486,regigigas,normal,37,110,160,110,80,110,100,https://pokeapi.co/api/v2/pokemon/486/
487,giratina-altered,ghost,45,150,100,120,100,120,90,https://pokeapi.co/api/v2/pokemon/487/
488,cresselia,psychic,15,120,70,120,75,130,85,https://pokeapi.co/api/v2/pokemon/488/
489,phione,water,4,80,80,80,80,80,80,https://pokeapi.co/api/v2/pokemon/489/
490,manaphy,water,3,100,100,100,100,100,100,https://pokeapi.co/api/v2/pokemon/490/
491,darkrai,dark,15,70,90,90,135,90,125,https://pokeapi.co/api/v2/pokemon/491/
492,shaymin-land,grass,2,100,100,100,100,100,100,https://pokeapi.co/api/v2/pokemon/492/
493,arceus,normal,32,120,120,120,120,120,120,https://pokeapi.co/api/v2/pokemon/493/
494,victini,psychic,4,100,100,100,100,100,100,https://pokeapi.co/api/v2/pokemon/494/
495,snivy,grass,6,45,45,55,45,55,63,https://pokeapi.co/api/v2/pokemon/495/
496,servine,grass,8,60,60,75,60,75,83,https://pokeapi.co/api/v2/pokemon/496/
497,serperior,grass,33,75,75,95,75,95,113,https://pokeapi.co/api/v2/pokemon/497/
498,tepig,fire,5,65,63,45,45,45,45,https://pokeapi.co/api/v2/pokemon/498/
499,pignite,fire,10,90,93,55,70,55,55,https://pokeapi.co/api/v2/pokemon/499/
500,emboar,fire,16,110,123,65,100,65,65,https://pokeapi.co/api/v2/pokemon/500/
501,oshawott,water,5,55,55,45,63,45,45,https://pokeapi.co/api/v2/pokemon/501/
502,dewott,water,8,75,75,60,83,60,60,https://pokeapi.co/api/v2/pokemon/502/
503,samurott,water,15,95,100,85,108,70,70,https://pokeapi.co/api/v2/pokemon/503/
504,patrat,normal,5,45,55,39,35,39,42,https://pokeapi.co/api/v2/pokemon/504/
505,watchog,normal,11,60,85,69,60,69,77,https://pokeapi.co/api/v2/pokemon/505/
506,lillipup,normal,4,45,60,45,25,45,55,https://pokeapi.co/api/v2/pokemon/506/
507,herdier,normal,9,65,80,65,35,65,60,https://pokeapi.co/api/v2/pokemon/507/
508,stoutland,normal,12,85,110,90,45,90,80,https://pokeapi.co/api/v2/pokemon/508/
509,purrloin,dark,4,41,50,37,50,37,66,https://pokeapi.co/api/v2/pokemon/509/
510,liepard,dark,11,64,88,50,88,50,106,https://pokeapi.co/api/v2/pokemon/510/
511,pansage,grass,6,50,53,48,53,48,64,https://pokeapi.co/api/v2/pokemon/511/
512,simisage,grass,11,75,98,63,98,63,101,https://pokeapi.co/api/v2/pokemon/512/
513,pansear,fire,6,50,53,48,53,48,64,https://pokeapi.co/api/v2/pokemon/513/
514,simisear,fire,10,75,98,63,98,63,101,https://pokeapi.co/api/v2/pokemon/514/
515,panpour,water,6,50,53,48,53,48,64,https://pokeapi.co/api/v2/pokemon/515/
516,simipour,water,10,75,98,63,98,63,101,https://pokeapi.co/api/v2/pokemon/516/
517,munna,psychic,6,76,25,45,67,55,24,https://pokeapi.co/api/v2/pokemon/517/
518,musharna,psychic,11,116,55,85,107,95,29,https://pokeapi.co/api/v2/pokemon/518/
519,pidove,normal,3,50,55,50,36,30,43,https://pokeapi.co/api/v2/pokemon/519/
520,tranquill,normal,6,62,77,62,50,42,65,https://pokeapi.co/api/v2/pokemon/520/
521,unfezant,normal,12,80,115,80,65,55,93,https://pokeapi.co/api/v2/pokemon/521/
522,blitzle,electric,8,45,60,32,50,32,76,https://pokeapi.co/api/v2/pokemon/522/
523,zebstrika,electric,16,75,100,63,80,63,116,https://pokeapi.co/api/v2/pokemon/523/
524,roggenrola,rock,4,55,75,85,25,25,15,https://pokeapi.co/api/v2/pokemon/524/
525,boldore,rock,9,70,105,105,50,40,20,https://pokeapi.co/api/v2/pokemon/525/
526,gigalith,rock,17,85,135,130,60,80,25,https://pokeapi.co/api/v2/pokemon/526/
527,woobat,psychic,4,65,45,43,55,43,72,https://pokeapi.co/api/v2/pokemon/527/
528,swoobat,psychic,9,67,57,55,77,55,114,https://pokeapi.co/api/v2/pokemon/528/
529,drilbur,ground,3,60,85,40,30,45,68,https://pokeapi.co/api/v2/pokemon/529/
530,excadrill,ground,7,110,135,60,50,65,88,https://pokeapi.co/api/v2/pokemon/530/
531,audino,normal,11,103,60,86,60,86,50,https://pokeapi.co/api/v2/pokemon/531/
532,timburr,fighting,6,75,80,55,25,35,35,https://pokeapi.co/api/v2/pokemon/532/
533,gurdurr,fighting,12,85,105,85,40,50,40,https://pokeapi.co/api/v2/pokemon/533/
534,conkeldurr,fighting,14,105,140,95,55,65,45,https://pokeapi.co/api/v2/pokemon/534/
535,tympole,water,5,50,50,40,50,40,64,https://pokeapi.co/api/v2/pokemon/535/
536,palpitoad,water,8,75,65,55,65,55,69,https://pokeapi.co/api/v2/pokemon/536/
537,seismitoad,water,15,105,95,75,85,75,74,https://pokeapi.co/api/v2/pokemon/537/
538,throh,fighting,13,120,100,85,30,85,45,https://pokeapi.co/api/v2/pokemon/538/
539,sawk,fighting,14,75,125,75,30,75,85,https://pokeapi.co/api/v2/pokemon/539/
540,sewaddle,bug,3,45,53,70,40,60,42,https://pokeapi.co/api/v2/pokemon/540/
541,swadloon,bug,5,55,63,90,50,80,42,https://pokeapi.co/api/v2/pokemon/541/
542,leavanny,bug,12,75,103,80,70,80,92,https://pokeapi.co/api/v2/pokemon/542/
543,venipede,bug,4,30,45,59,30,39,57,https://pokeapi.co/api/v2/pokemon/543/
544,whirlipede,bug,12,40,55,99,40,79,47,https://pokeapi.co/api/v2/pokemon/544/
545,scolipede,bug,25,60,100,89,55,69,112,https://pokeapi.co/api/v2/pokemon/545/
546,cottonee,grass,3,40,27,60,37,50,66,https://pokeapi.co/api/v2/pokemon/546/
547,whimsicott,grass,7,60,67,85,77,75,116,https://pokeapi.co/api/v2/pokemon/547/
548,petilil,grass,5,45,35,50,70,50,30,https://pokeapi.co/api/v2/pokemon/548/
549,lilligant,grass,11,70,60,75,110,75,90,https://pokeapi.co/api/v2/pokemon/549/
550,basculin-red-striped,water,10,70,92,65,80,55,98,https://pokeapi.co/api/v2/pokemon/550/
551,sandile,ground,7,50,72,35,35,35,65,https://pokeapi.co/api/v2/pokemon/551/
552,krokorok,ground,10,60,82,45,45,45,74,https://pokeapi.co/api/v2/pokemon/552/
553,krookodile,ground,15,95,117,80,65,70,92,https://pokeapi.co/api/v2/pokemon/553/
554,darumaka,fire,6,70,90,45,15,45,50,https://pokeapi.co/api/v2/pokemon/554/
555,darmanitan-standard,fire,13,105,140,55,30,55,95,https://pokeapi.co/api/v2/pokemon/555/
556,maractus,grass,10,75,86,67,106,67,60,https://pokeapi.co/api/v2/pokemon/556/
557,dwebble,bug,3,50,65,85,35,35,55,https://pokeapi.co/api/v2/pokemon/557/
558,crustle,bug,14,70,105,125,65,75,45,https://pokeapi.co/api/v2/pokemon/558/
559,scraggy,dark,6,50,75,70,35,70,48,https://pokeapi.co/api/v2/pokemon/559/
560,scrafty,dark,11,65,90,115,45,115,58,https://pokeapi.co/api/v2/pokemon/560/
561,sigilyph,psychic,14,72,58,80,103,80,97,https://pokeapi.co/api/v2/pokemon/561/
562,yamask,ghost,5,38,30,85,55,65,30,https://pokeapi.co/api/v2/pokemon/562/
563,cofagrigus,ghost,17,58,50,145,95,105,30,https://pokeapi.co/api/v2/pokemon/563/
564,tirtouga,water,7,54,78,103,53,45,22,https://pokeapi.co/api/v2/pokemon/564/
565,carracosta,water,12,74,108,133,83,65,32,https://pokeapi.co/api/v2/pokemon/565/
566,archen,rock,5,55,112,45,74,45,70,https://pokeapi.co/api/v2/pokemon/566/
567,archeops,rock,14,75,140,65,112,65,110,https://pokeapi.co/api/v2/pokemon/567/
568,trubbish,poison,6,50,50,62,40,62,65,https://pokeapi.co/api/v2/pokemon/568/
569,garbodor,poison,19,80,95,82,60,82,75,https://pokeapi.co/api/v2/pokemon/569/
570,zorua,dark,7,40,65,40,80,40,65,https://pokeapi.co/api/v2/pokemon/570/
571,zoroark,dark,16,60,105,60,120,60,105,https://pokeapi.co/api/v2/pokemon/571/
572,minccino,normal,4,55,50,40,40,40,75,https://pokeapi.co/api/v2/pokemon/572/
573,cinccino,normal,5,75,95,60,65,60,115,https://pokeapi.co/api/v2/pokemon/573/
574,gothita,psychic,4,45,30,50,55,65,45,https://pokeapi.co/api/v2/pokemon/574/
575,gothorita,psychic,7,60,45,70,75,85,55,https://pokeapi.co/api/v2/pokemon/575/
576,gothitelle,psychic,15,70,55,95,95,110,65,https://pokeapi.co/api/v2/pokemon/576/
577,solosis,psychic,3,45,30,40,105,50,20,https://pokeapi.co/api/v2/pokemon/577/
578,duosion,psychic,6,65,40,50,125,60,30,https://pokeapi.co/api/v2/pokemon/578/
579,reuniclus,psychic,10,110,65,75,125,85,30,https://pokeapi.co/api/v2/pokemon/579/
580,ducklett,water,5,62,44,50,44,50,55,https://pokeapi.co/api/v2/pokemon/580/
581,swanna,water,13,75,87,63,87,63,98,https://pokeapi.co/api/v2/pokemon/581/
582,vanillite,ice,4,36,50,50,65,60,44,https://pokeapi.co/api/v2/pokemon/582/
583,vanillish,ice,11,51,65,65,80,75,59,https://pokeapi.co/api/v2/pokemon/583/
584,vanilluxe,ice,13,71,95,85,110,95,79,https://pokeapi.co/api/v2/pokemon/584/
585,deerling,normal,6,60,60,50,40,50,75,https://pokeapi.co/api/v2/pokemon/585/
586,sawsbuck,normal,19,80,100,70,60,70,95,https://pokeapi.co/api/v2/pokemon/586/
587,emolga,electric,4,55,75,60,75,60,103,https://pokeapi.co/api/v2/pokemon/587/
588,karrablast,bug,5,50,75,45,40,45,60,https://pokeapi.co/api/v2/pokemon/588/
589,escavalier,bug,10,70,135,105,60,105,20,https://pokeapi.co/api/v2/pokemon/589/
590,foongus,grass,2,69,55,45,55,55,15,https://pokeapi.co/api/v2/pokemon/590/
591,amoonguss,grass,6,114,85,70,85,80,30,https://pokeapi.co/api/v2/pokemon/591/
592,frillish,water,12,55,40,50,65,85,40,https://pokeapi.co/api/v2/pokemon/592/
593,jellicent,water,22,100,60,70,85,105,60,https://pokeapi.co/api/v2/pokemon/593/
594,alomomola,water,12,165,75,80,40,45,65,https://pokeapi.co/api/v2/pokemon/594/
595,joltik,bug,1,50,47,50,57,50,65,https://pokeapi.co/api/v2/pokemon/595/
596,galvantula,bug,8,70,77,60,97,60,108,https://pokeapi.co/api/v2/pokemon/596/
597,ferroseed,grass,6,44,50,91,24,86,10,https://pokeapi.co/api/v2/pokemon/597/
598,ferrothorn,grass,10,74,94,131,54,116,20,https://pokeapi.co/api/v2/pokemon/598/
599,klink,steel,3,40,55,70,45,60,30,https://pokeapi.co/api/v2/pokemon/599/
600,klang,steel,6,60,80,95,70,85,50,https://pokeapi.co/api/v2/pokemon/600/
601,klinklang,steel,6,60,100,115,70,85,90,https://pokeapi.co/api/v2/pokemon/601/
602,tynamo,electric,2,35,55,40,45,40,60,https://pokeapi.co/api/v2/pokemon/602/
603,eelektrik,electric,12,65,85,70,75,70,40,https://pokeapi.co/api/v2/pokemon/603/
604,eelektross,electric,21,85,115,80,105,80,50,https://pokeapi.co/api/v2/pokemon/604/
605,elgyem,psychic,5,55,55,55,85,55,30,https://pokeapi.co/api/v2/pokemon/605/
606,beheeyem,psychic,10,75,75,75,125,95,40,https://pokeapi.co/api/v2/pokemon/606/
607,litwick,ghost,3,50,30,55,65,55,20,https://pokeapi.co/api/v2/pokemon/607/
608,lampent,ghost,6,60,40,60,95,60,55,https://pokeapi.co/api/v2/pokemon/608/
609,chandelure,ghost,10,60,55,90,145,90,80,https://pokeapi.co/api/v2/pokemon/609/
610,axew,dragon,6,46,87,60,30,40,57,https://pokeapi.co/api/v2/pokemon/610/
611,fraxure,dragon,10,66,117,70,40,50,67,https://pokeapi.co/api/v2/pokemon/611/
612,haxorus,dragon,18,76,147,90,60,70,97,https://pokeapi.co/api/v2/pokemon/612/
613,cubchoo,ice,5,55,70,40,60,40,40,https://pokeapi.co/api/v2/pokemon/613/
614,beartic,ice,26,95,130,80,70,80,50,https://pokeapi.co/api/v2/pokemon/614/
615,cryogonal,ice,11,80,50,50,95,135,105,https://pokeapi.co/api/v2/pokemon/615/
616,shelmet,bug,4,50,40,85,40,65,25,https://pokeapi.co/api/v2/pokemon/616/
617,accelgor,bug,8,80,70,40,100,60,145,https://pokeapi.co/api/v2/pokemon/617/
618,stunfisk,ground,7,109,66,84,81,99,32,https://pokeapi.co/api/v2/pokemon/618/
619,mienfoo,fighting,9,45,85,50,55,50,65,https://pokeapi.co/api/v2/pokemon/619/
620,mienshao,fighting,14,65,125,60,95,60,105,https://pokeapi.co/api/v2/pokemon/620/
621,druddigon,dragon,16,77,120,90,60,90,48,https://pokeapi.co/api/v2/pokemon/621/
622,golett,ground,10,59,74,50,35,50,35,https://pokeapi.co/api/v2/pokemon/622/
623,golurk,ground,28,89,124,80,55,80,55,https://pokeapi.co/api/v2/pokemon/623/
624,pawniard,dark,5,45,85,70,40,40,60,https://pokeapi.co/api/v2/pokemon/624/
625,bisharp,dark,16,65,125,100,60,70,70,https://pokeapi.co/api/v2/pokemon/625/
626,bouffalant,normal,16,95,110,95,40,95,55,https://pokeapi.co/api/v2/pokemon/626/
627,rufflet,normal,5,70,83,50,37,50,60,https://pokeapi.co/api/v2/pokemon/627/
628,braviary,normal,15,100,123,75,57,75,80,https://pokeapi.co/api/v2/pokemon/628/
629,vullaby,dark,5,70,55,75,45,65,60,https://pokeapi.co/api/v2/pokemon/629/
630,mandibuzz,dark,12,110,65,105,55,95,80,https://pokeapi.co/api/v2/pokemon/630/
631,heatmor,fire,14,85,97,66,105,66,65,https://pokeapi.co/api/v2/pokemon/631/
632,durant,bug,3,58,109,112,48,48,109,https://pokeapi.co/api/v2/pokemon/632/
633,deino,dark,8,52,65,50,45,50,38,https://pokeapi.co/api/v2/pokemon/633/
634,zweilous,dark,14,72,85,70,65,70,58,https://pokeapi.co/api/v2/pokemon/634/
635,hydreigon,dark,18,92,105,90,125,90,98,https://pokeapi.co/api/v2/pokemon/635/
636,larvesta,bug,11,55,85,55,50,55,60,https://pokeapi.co/api/v2/pokemon/636/
637,volcarona,bug,16,85,60,65,135,105,100,https://pokeapi.co/api/v2/pokemon/637/
638,cobalion,steel,21,91,90,129,90,72,108,https://pokeapi.co/api/v2/pokemon/638/
639,terrakion,rock,19,91,129,90,72,90,108,https://pokeapi.co/api/v2/pokemon/639/
640,virizion,grass,20,91,90,72,90,129,108,https://pokeapi.co/api/v2/pokemon/640/
641,tornadus-incarnate,flying,15,79,115,70,125,80,111,https://pokeapi.co/api/v2/pokemon/641/
642,thundurus-incarnate,electric,15,79,115,70,125,80,111,https://pokeapi.co/api/v2/pokemon/642/
643,reshiram,dragon,32,100,120,100,150,120,90,https://pokeapi.co/api/v2/pokemon/643/
644,zekrom,dragon,29,100,150,120,120,100,90,https://pokeapi.co/api/v2/pokemon/644/
645,landorus-incarnate,ground,15,89,125,90,115,80,101,https://pokeapi.co/api/v2/pokemon/645/
646,kyurem,dragon,30,125,130,90,130,90,95,https://pokeapi.co/api/v2/pokemon/646/
647,keldeo-ordinary,water,14,91,72,90,129,90,108,https://pokeapi.co/api/v2/pokemon/647/
648,meloetta-aria,normal,6,100,77,77,128,128,90,https://pokeapi.co/api/v2/pokemon/648/
649,genesect,bug,15,71,120,95,120,95,99,https://pokeapi.co/api/v2/pokemon/649/
650,chespin,grass,4,56,61,65,48,45,38,https://pokeapi.co/api/v2/pokemon/650/
651,quilladin,grass,7,61,78,95,56,58,57,https://pokeapi.co/api/v2/pokemon/651/
652,chesnaught,grass,16,88,107,122,74,75,64,https://pokeapi.co/api/v2/pokemon/652/
653,fennekin,fire,4,40,45,40,62,60,60,https://pokeapi.co/api/v2/pokemon/653/
654,braixen,fire,10,59,59,58,90,70,73,https://pokeapi.co/api/v2/pokemon/654/
655,delphox,fire,15,75,69,72,114,100,104,https://pokeapi.co/api/v2/pokemon/655/
656,froakie,water,3,41,56,40,62,44,71,https://pokeapi.co/api/v2/pokemon/656/
657,frogadier,water,6,54,63,52,83,56,97,https://pokeapi.co/api/v2/pokemon/657/
658,greninja,water,15,72,95,67,103,71,122,https://pokeapi.co/api/v2/pokemon/658/
659,bunnelby,normal,4,38,36,38,32,36,57,https://pokeapi.co/api/v2/pokemon/659/
660,diggersby,normal,10,85,56,77,50,77,78,https://pokeapi.co/api/v2/pokemon/660/
661,fletchling,normal,3,45,50,43,40,38,62,https://pokeapi.co/api/v2/pokemon/661/
662,fletchinder,fire,7,62,73,55,56,52,84,https://pokeapi.co/api/v2/pokemon/662/
663,talonflame,fire,12,78,81,71,74,69,126,https://pokeapi.co/api/v2/pokemon/663/
664,scatterbug,bug,3,38,35,40,27,25,35,https://pokeapi.co/api/v2/pokemon/664/
665,spewpa,bug,3,45,22,60,27,30,29,https://pokeapi.co/api/v2/pokemon/665/
666,vivillon,bug,12,80,52,50,90,50,89,https://pokeapi.co/api/v2/pokemon/666/
667,litleo,fire,6,62,50,58,73,54,72,https://pokeapi.co/api/v2/pokemon/667/
668,pyroar,fire,15,86,68,72,109,66,106,https://pokeapi.co/api/v2/pokemon/668/
669,flabebe,fairy,1,44,38,39,61,79,42,https://pokeapi.co/api/v2/pokemon/669/
670,floette,fairy,2,54,45,47,75,98,52,https://pokeapi.co/api/v2/pokemon/670/
671,florges,fairy,11,78,65,68,112,154,75,https://pokeapi.co/api/v2/pokemon/671/
672,skiddo,grass,9,66,65,48,62,57,52,https://pokeapi.co/api/v2/pokemon/672/
673,gogoat,grass,17,123,100,62,97,81,68,https://pokeapi.co/api/v2/pokemon/673/
674,pancham,fighting,6,67,82,62,46,48,43,https://pokeapi.co/api/v2/pokemon/674/
675,pangoro,fighting,21,95,124,78,69,71,58,https://pokeapi.co/api/v2/pokemon/675/
676,furfrou,normal,12,75,80,60,65,90,102,https://pokeapi.co/api/v2/pokemon/676/
677,espurr,psychic,3,62,48,54,63,60,68,https://pokeapi.co/api/v2/pokemon/677/
678,meowstic-male,psychic,6,74,48,76,83,81,104,https://pokeapi.co/api/v2/pokemon/678/
679,honedge,steel,8,45,80,100,35,37,28,https://pokeapi.co/api/v2/pokemon/679/
680,doublade,steel,8,59,110,150,45,49,35,https://pokeapi.co/api/v2/pokemon/680/
681,aegislash-shield,steel,17,60,50,140,50,140,60,https://pokeapi.co/api/v2/pokemon/681/
682,spritzee,fairy,2,78,52,60,63,65,23,https://pokeapi.co/api/v2/pokemon/682/
683,aromatisse,fairy,8,101,72,72,99,89,29,https://pokeapi.co/api/v2/pokemon/683/
684,swirlix,fairy,4,62,48,66,59,57,49,https://pokeapi.co/api/v2/pokemon/684/
685,slurpuff,fairy,8,82,80,86,85,75,72,https://pokeapi.co/api/v2/pokemon/685/
686,inkay,dark,4,53,54,53,37,46,45,https://pokeapi.co/api/v2/pokemon/686/
687,malamar,dark,15,86,92,88,68,75,73,https://pokeapi.co/api/v2/pokemon/687/
688,binacle,rock,5,42,52,67,39,56,50,https://pokeapi.co/api/v2/pokemon/688/
689,barbaracle,rock,13,72,105,115,54,86,68,https://pokeapi.co/api/v2/pokemon/689/
690,skrelp,poison,5,50,60,60,60,60,30,https://pokeapi.co/api/v2/pokemon/690/
691,dragalge,poison,18,65,75,90,97,123,44,https://pokeapi.co/api/v2/pokemon/691/
692,clauncher,water,5,50,53,62,58,63,44,https://pokeapi.co/api/v2/pokemon/692/
693,clawitzer,water,13,71,73,88,120,89,59,https://pokeapi.co/api/v2/pokemon/693/
694,helioptile,electric,5,44,38,33,61,43,70,https://pokeapi.co/api/v2/pokemon/694/
695,heliolisk,electric,10,62,55,52,109,94,109,https://pokeapi.co/api/v2/pokemon/695/
696,tyrunt,rock,8,58,89,77,45,45,48,https://pokeapi.co/api/v2/pokemon/696/
697,tyrantrum,rock,25,82,121,119,69,59,71,https://pokeapi.co/api/v2/pokemon/697/
698,amaura,rock,13,77,59,50,67,63,46,https://pokeapi.co/api/v2/pokemon/698/
699,aurorus,rock,27,123,77,72,99,92,58,https://pokeapi.co/api/v2/pokemon/699/
700,sylveon,fairy,10,95,65,65,110,130,60,https://pokeapi.co/api/v2/pokemon/700/
701,hawlucha,fighting,8,78,92,75,74,63,118,https://pokeapi.co/api/v2/pokemon/701/
702,dedenne,electric,2,67,58,57,81,67,101,https://pokeapi.co/api/v2/pokemon/702/
703,carbink,rock,3,50,50,150,50,150,50,https://pokeapi.co/api/v2/pokemon/703/
704,goomy,dragon,3,45,50,35,55,75,40,https://pokeapi.co/api/v2/pokemon/704/
705,sliggoo,dragon,8,68,75,53,83,113,60,https://pokeapi.co/api/v2/pokemon/705/
706,goodra,dragon,20,90,100,70,110,150,80,https://pokeapi.co/api/v2/pokemon/706/
707,klefki,steel,2,57,80,91,80,87,75,https://pokeapi.co/api/v2/pokemon/707/
708,phantump,ghost,4,43,70,48,50,60,38,https://pokeapi.co/api/v2/pokemon/708/
709,trevenant,ghost,15,85,110,76,65,82,56,https://pokeapi.co/api/v2/pokemon/709/
710,pumpkaboo-average,ghost,4,49,66,70,44,55,51,https://pokeapi.co/api/v2/pokemon/710/
711,gourgeist-average,ghost,9,65,90,122,58,75,84,https://pokeapi.co/api/v2/pokemon/711/
712,bergmite,ice,10,55,69,85,32,35,28,https://pokeapi.co/api/v2/pokemon/712/
713,avalugg,ice,20,95,117,184,44,46,28,https://pokeapi.co/api/v2/pokemon/713/
714,noibat,flying,5,40,30,35,45,40,55,https://pokeapi.co/api/v2/pokemon/714/
715,noivern,flying,15,85,70,80,97,80,123,https://pokeapi.co/api/v2/pokemon/715/
716,xerneas,fairy,30,126,131,95,131,98,99,https://pokeapi.co/api/v2/pokemon/716/
717,yveltal,dark,58,126,131,95,131,98,99,https://pokeapi.co/api/v2/pokemon/717/
718,zygarde,dragon,50,108,100,121,81,95,95,https://pokeapi.co/api/v2/pokemon/718/
719,diancie,rock,7,50,100,150,100,150,50,https://pokeapi.co/api/v2/pokemon/719/
720,hoopa,psychic,5,80,110,60,150,130,70,https://pokeapi.co/api/v2/pokemon/720/
721,volcanion,fire,17,80,110,120,130,90,70,https://pokeapi.co/api/v2/pokemon/721/
722,rowlet,grass,3,68,55,55,50,50,42,https://pokeapi.co/api/v2/pokemon/722/
723,dartrix,grass,7,78,75,75,70,70,52,https://pokeapi.co/api/v2/pokemon/723/
724,decidueye,grass,16,78,107,75,100,100,70,https://pokeapi.co/api/v2/pokemon/724/
725,litten,fire,4,45,65,40,60,40,70,https://pokeapi.co/api/v2/pokemon/725/
726,torracat,fire,7,65,85,50,80,50,90,https://pokeapi.co/api/v2/pokemon/726/
727,incineroar,fire,18,95,115,90,80,90,60,https://pokeapi.co/api/v2/pokemon/727/
728,popplio,water,4,50,54,54,66,56,40,https://pokeapi.co/api/v2/pokemon/728/
729,brionne,water,6,60,69,69,91,81,50,https://pokeapi.co/api/v2/pokemon/729/
730,primarina,water,18,80,74,74,126,116,60,https://pokeapi.co/api/v2/pokemon/730/
731,pikipek,normal,3,35,75,30,30,30,65,https://pokeapi.co/api/v2/pokemon/731/
732,trumbeak,normal,6,55,85,50,40,50,75,https://pokeapi.co/api/v2/pokemon/732/
733,toucannon,normal,11,80,120,75,75,75,60,https://pokeapi.co/api/v2/pokemon/733/
734,yungoos,normal,4,48,70,30,30,30,45,https://pokeapi.co/api/v2/pokemon/734/
735,gumshoos,normal,7,88,110,60,55,60,45,https://pokeapi.co/api/v2/pokemon/735/
736,grubbin,bug,4,47,62,45,55,45,46,https://pokeapi.co/api/v2/pokemon/736/
737,charjabug,bug,5,57,82,95,55,75,36,https://pokeapi.co/api/v2/pokemon/737/
738,vikavolt,bug,15,77,70,90,145,75,43,https://pokeapi.co/api/v2/pokemon/738/
739,crabrawler,fighting,6,47,82,57,42,47,63,https://pokeapi.co/api/v2/pokemon/739/
740,crabominable,fighting,17,97,132,77,62,67,43,https://pokeapi.co/api/v2/pokemon/740/
741,oricorio-baile,fire,6,75,70,70,98,70,93,https://pokeapi.co/api/v2/pokemon/741/
742,cutiefly,bug,1,40,45,40,55,40,84,https://pokeapi.co/api/v2/pokemon/742/
743,ribombee,bug,2,60,55,60,95,70,124,https://pokeapi.co/api/v2/pokemon/743/
744,rockruff,rock,5,45,65,40,30,40,60,https://pokeapi.co/api/v2/pokemon/744/
745,lycanroc-midday,rock,8,75,115,65,55,65,112,https://pokeapi.co/api/v2/pokemon/745/
746,wishiwashi-solo,water,2,45,20,20,25,25,40,https://pokeapi.co/api/v2/pokemon/746/
747,mareanie,poison,4,50,53,62,43,52,45,https://pokeapi.co/api/v2/pokemon/747/
748,toxapex,poison,7,50,63,152,53,142,35,https://pokeapi.co/api/v2/pokemon/748/
749,mudbray,ground,10,70,100,70,45,55,45,https://pokeapi.co/api/v2/pokemon/749/
750,mudsdale,ground,25,100,125,100,55,85,35,https://pokeapi.co/api/v2/pokemon/750/
751,dewpider,water,3,38,40,52,40,72,27,https://pokeapi.co/api/v2/pokemon/751/
752,araquanid,water,18,68,70,92,50,132,42,https://pokeapi.co/api/v2/pokemon/752/
753,fomantis,grass,3,40,55,35,50,35,35,https://pokeapi.co/api/v2/pokemon/753/
754,lurantis,grass,9,70,105,90,80,90,45,https://pokeapi.co/api/v2/pokemon/754/
755,morelull,grass,2,40,35,55,65,75,15,https://pokeapi.co/api/v2/pokemon/755/
756,shiinotic,grass,10,60,45,80,90,100,30,https://pokeapi.co/api/v2/pokemon/756/
757,salandit,poison,6,48,44,40,71,40,77,https://pokeapi.co/api/v2/pokemon/757/
758,salazzle,poison,12,68,64,60,111,60,117,https://pokeapi.co/api/v2/pokemon/758/
759,stufful,normal,5,70,75,50,45,50,50,https://pokeapi.co/api/v2/pokemon/759/
760,bewear,normal,21,120,125,80,55,60,60,https://pokeapi.co/api/v2/pokemon/760/
761,bounsweet,grass,3,42,30,38,30,38,32,https://pokeapi.co/api/v2/pokemon/761/
762,steenee,grass,7,52,40,48,40,48,62,https://pokeapi.co/api/v2/pokemon/762/
763,tsareena,grass,12,72,120,98,50,98,72,https://pokeapi.co/api/v2/pokemon/763/
764,comfey,fairy,1,51,52,90,82,110,100,https://pokeapi.co/api/v2/pokemon/764/
765,oranguru,normal,15,90,60,80,90,110,60,https://pokeapi.co/api/v2/pokemon/765/
766,passimian,fighting,20,100,120,90,40,60,80,https://pokeapi.co/api/v2/pokemon/766/
767,wimpod,bug,5,25,35,40,20,30,80,https://pokeapi.co/api/v2/pokemon/767/
768,golisopod,bug,20,75,125,140,60,90,40,https://pokeapi.co/api/v2/pokemon/768/
769,sandygast,ghost,5,55,55,80,70,45,15,https://pokeapi.co/api/v2/pokemon/769/
770,palossand,ghost,13,85,75,110,100,75,35,https://pokeapi.co/api/v2/pokemon/770/
771,pyukumuku,water,3,55,60,130,30,130,5,https://pokeapi.co/api/v2/pokemon/771/
772,type-null,normal,19,95,95,95,95,95,59,https://pokeapi.co/api/v2/pokemon/772/
773,silvally,normal,23,95,95,95,95,95,95,https://pokeapi.co/api/v2/pokemon/773/
774,minior-red-meteor,rock,3,60,60,100,60,100,60,https://pokeapi.co/api/v2/pokemon/774/
775,komala,normal,4,65,115,65,75,95,65,https://pokeapi.co/api/v2/pokemon/775/
776,turtonator,fire,20,60,78,135,91,85,36,https://pokeapi.co/api/v2/pokemon/776/
777,togedemaru,electric,3,65,98,63,40,73,96,https://pokeapi.co/api/v2/pokemon/777/
778,mimikyu-disguised,ghost,2,55,90,80,50,105,96,https://pokeapi.co/api/v2/pokemon/778/
779,bruxish,water,9,68,105,70,70,70,92,https://pokeapi.co/api/v2/pokemon/779/
780,drampa,normal,30,78,60,85,135,91,36,https://pokeapi.co/api/v2/pokemon/780/
781,dhelmise,ghost,39,70,131,100,86,90,40,https://pokeapi.co/api/v2/pokemon/781/
782,jangmo-o,dragon,6,45,55,65,45,45,45,https://pokeapi.co/api/v2/pokemon/782/
783,hakamo-o,dragon,12,55,75,90,65,70,65,https://pokeapi.co/api/v2/pokemon/783/
784,kommo-o,dragon,16,75,110,125,100,105,85,https://pokeapi.co/api/v2/pokemon/784/
785,tapu-koko,electric,18,70,115,85,95,75,130,https://pokeapi.co/api/v2/pokemon/785/
786,tapu-lele,psychic,12,70,85,75,130,115,95,https://pokeapi.co/api/v2/pokemon/786/
787,tapu-bulu,grass,19,70,130,115,85,95,75,https://pokeapi.co/api/v2/pokemon/787/
788,tapu-fini,water,13,70,75,115,95,130,85,https://pokeapi.co/api/v2/pokemon/788/
789,cosmog,psychic,2,43,29,31,29,31,37,https://pokeapi.co/api/v2/pokemon/789/
790,cosmoem,psychic,1,43,29,131,29,131,37,https://pokeapi.co/api/v2/pokemon/790/
791,solgaleo,psychic,34,137,137,107,113,89,97,https://pokeapi.co/api/v2/pokemon/791/
792,lunala,psychic,40,137,113,89,137,107,97,https://pokeapi.co/api/v2/pokemon/792/
793,nihilego,rock,12,109,53,47,127,131,103,https://pokeapi.co/api/v2/pokemon/793/
794,buzzwole,bug,24,107,139,139,53,53,79,https://pokeapi.co/api/v2/pokemon/794/
795,pheromosa,bug,18,71,137,37,137,37,151,https://pokeapi.co/api/v2/pokemon/795/
796,xurkitree,electric,38,83,89,71,173,71,83,https://pokeapi.co/api/v2/pokemon/796/
797,celesteela,steel,92,97,101,103,107,101,61,https://pokeapi.co/api/v2/pokemon/797/
798,kartana,grass,3,59,181,131,59,31,109,https://pokeapi.co/api/v2/pokemon/798/
799,guzzlord,dark,55,223,101,53,97,53,43,https://pokeapi.co/api/v2/pokemon/799/
800,necrozma,psychic,24,97,107,101,127,89,79,https://pokeapi.co/api/v2/pokemon/800/
801,magearna,steel,10,80,95,115,130,115,65,https://pokeapi.co/api/v2/pokemon/801/
802,marshadow,fighting,7,90,125,80,90,90,125,https://pokeapi.co/api/v2/pokemon/802/
803,poipole,poison,6,67,73,67,73,67,73,https://pokeapi.co/api/v2/pokemon/803/
804,naganadel,poison,36,73,73,73,127,73,121,https://pokeapi.co/api/v2/pokemon/804/
805,stakataka,rock,55,61,131,211,53,101,13,https://pokeapi.co/api/v2/pokemon/805/
806,blacephalon,fire,18,53,127,53,151,79,107,https://pokeapi.co/api/v2/pokemon/806/
807,zeraora,electric,15,88,112,75,102,80,143,https://pokeapi.co/api/v2/pokemon/807/
808,meltan,steel,2,46,65,65,55,35,34,https://pokeapi.co/api/v2/pokemon/808/
809,melmetal,steel,25,135,143,143,80,65,34,https://pokeapi.co/api/v2/pokemon/809/
810,grookey,grass,3,50,65,50,40,40,65,https://pokeapi.co/api/v2/pokemon/810/
811,thwackey,grass,7,70,85,70,55,60,80,https://pokeapi.co/api/v2/pokemon/811/
812,rillaboom,grass,21,100,125,90,60,70,85,https://pokeapi.co/api/v2/pokemon/812/
813,scorbunny,fire,3,50,71,40,40,40,69,https://pokeapi.co/api/v2/pokemon/813/
814,raboot,fire,6,65,86,60,55,60,94,https://pokeapi.co/api/v2/pokemon/814/
815,cinderace,fire,14,80,116,75,65,75,119,https://pokeapi.co/api/v2/pokemon/815/
816,sobble,water,3,50,40,40,70,40,70,https://pokeapi.co/api/v2/pokemon/816/
817,drizzile,water,7,65,60,55,95,55,90,https://pokeapi.co/api/v2/pokemon/817/
818,inteleon,water,19,70,85,65,125,65,120,https://pokeapi.co/api/v2/pokemon/818/
819,skwovet,normal,3,70,55,55,35,35,25,https://pokeapi.co/api/v2/pokemon/819/
820,greedent,normal,6,120,95,95,55,75,20,https://pokeapi.co/api/v2/pokemon/820/
821,rookidee,flying,2,38,47,35,33,35,57,https://pokeapi.co/api/v2/pokemon/821/
822,corvisquire,flying,8,68,67,55,43,55,77,https://pokeapi.co/api/v2/pokemon/822/
823,corviknight,flying,22,98,87,105,53,85,67,https://pokeapi.co/api/v2/pokemon/823/
824,blipbug,bug,4,25,20,20,25,45,45,https://pokeapi.co/api/v2/pokemon/824/
825,dottler,bug,4,50,35,80,50,90,30,https://pokeapi.co/api/v2/pokemon/825/
826,orbeetle,bug,4,60,45,110,80,120,90,https://pokeapi.co/api/v2/pokemon/826/
827,nickit,dark,6,40,28,28,47,52,50,https://pokeapi.co/api/v2/pokemon/827/
828,thievul,dark,12,70,58,58,87,92,90,https://pokeapi.co/api/v2/pokemon/828/
829,gossifleur,grass,4,40,40,60,40,60,10,https://pokeapi.co/api/v2/pokemon/829/
830,eldegoss,grass,5,60,50,90,80,120,60,https://pokeapi.co/api/v2/pokemon/830/
831,wooloo,normal,6,42,40,55,40,45,48,https://pokeapi.co/api/v2/pokemon/831/
832,dubwool,normal,13,72,80,100,60,90,88,https://pokeapi.co/api/v2/pokemon/832/
833,chewtle,water,3,50,64,50,38,38,44,https://pokeapi.co/api/v2/pokemon/833/
834,drednaw,water,10,90,115,90,48,68,74,https://pokeapi.co/api/v2/pokemon/834/
835,yamper,electric,3,59,45,50,40,50,26,https://pokeapi.co/api/v2/pokemon/835/
836,boltund,electric,10,69,90,60,90,60,121,https://pokeapi.co/api/v2/pokemon/836/
837,rolycoly,rock,3,30,40,50,40,50,30,https://pokeapi.co/api/v2/pokemon/837/
838,carkol,rock,11,80,60,90,60,70,50,https://pokeapi.co/api/v2/pokemon/838/
839,coalossal,rock,28,110,80,120,80,90,30,https://pokeapi.co/api/v2/pokemon/839/
840,applin,grass,2,40,40,80,40,40,20,https://pokeapi.co/api/v2/pokemon/840/
841,flapple,grass,3,70,110,80,95,60,70,https://pokeapi.co/api/v2/pokemon/841/
842,appletun,grass,4,110,85,80,100,80,30,https://pokeapi.co/api/v2/pokemon/842/
843,silicobra,ground,22,52,57,75,35,50,46,https://pokeapi.co/api/v2/pokemon/843/
844,sandaconda,ground,38,72,107,125,65,70,71,https://pokeapi.co/api/v2/pokemon/844/
845,cramorant,flying,8,70,85,55,85,95,85,https://pokeapi.co/api/v2/pokemon/845/
846,arrokuda,water,5,41,63,40,40,30,66,https://pokeapi.co/api/v2/pokemon/846/
847,barraskewda,water,13,61,123,60,60,50,136,https://pokeapi.co/api/v2/pokemon/847/
848,toxel,electric,4,40,38,35,54,35,40,https://pokeapi.co/api/v2/pokemon/848/
849,toxtricity-amped,electric,16,75,98,70,114,70,75,https://pokeapi.co/api/v2/pokemon/849/
850,sizzlipede,fire,7,50,65,45,50,50,45,https://pokeapi.co/api/v2/pokemon/850/
851,centiskorch,fire,30,100,115,65,90,90,65,https://pokeapi.co/api/v2/pokemon/851/
852,clobbopus,fighting,6,50,68,60,50,50,32,https://pokeapi.co/api/v2/pokemon/852/
853,grapploct,fighting,16,80,118,90,70,80,42,https://pokeapi.co/api/v2/pokemon/853/
854,sinistea,ghost,1,40,45,45,74,54,50,https://pokeapi.co/api/v2/pokemon/854/
855,polteageist,ghost,2,60,65,65,134,114,70,https://pokeapi.co/api/v2/pokemon/855/
856,hatenna,psychic,4,42,30,45,56,53,39,https://pokeapi.co/api/v2/pokemon/856/
857,hattrem,psychic,6,57,40,65,86,73,49,https://pokeapi.co/api/v2/pokemon/857/
858,hatterene,psychic,21,57,90,95,136,103,29,https://pokeapi.co/api/v2/pokemon/858/
859,impidimp,dark,4,45,45,30,55,40,50,https://pokeapi.co/api/v2/pokemon/859/
860,morgrem,dark,8,65,60,45,75,55,70,https://pokeapi.co/api/v2/pokemon/860/
861,grimmsnarl,dark,15,95,120,65,95,75,60,https://pokeapi.co/api/v2/pokemon/861/
862,obstagoon,dark,16,93,90,101,60,81,95,https://pokeapi.co/api/v2/pokemon/862/
863,perrserker,steel,8,70,110,100,50,60,50,https://pokeapi.co/api/v2/pokemon/863/
864,cursola,ghost,10,60,95,50,145,130,30,https://pokeapi.co/api/v2/pokemon/864/
865,sirfetchd,fighting,8,62,135,95,68,82,65,https://pokeapi.co/api/v2/pokemon/865/
866,mr-rime,ice,15,80,85,75,110,100,70,https://pokeapi.co/api/v2/pokemon/866/
867,runerigus,ground,16,58,95,145,50,105,30,https://pokeapi.co/api/v2/pokemon/867/
868,milcery,fairy,2,45,40,40,50,61,34,https://pokeapi.co/api/v2/pokemon/868/
869,alcremie,fairy,3,65,60,75,110,121,64,https://pokeapi.co/api/v2/pokemon/869/
870,falinks,fighting,30,65,100,100,70,60,75,https://pokeapi.co/api/v2/pokemon/870/
871,pincurchin,electric,3,48,101,95,91,85,15,https://pokeapi.co/api/v2/pokemon/871/
872,snom,ice,3,30,25,35,45,30,20,https://pokeapi.co/api/v2/pokemon/872/
873,frosmoth,ice,13,70,65,60,125,90,65,https://pokeapi.co/api/v2/pokemon/873/
874,stonjourner,rock,25,100,125,135,20,20,70,https://pokeapi.co/api/v2/pokemon/874/
875,eiscue-ice,ice,14,75,80,110,65,90,50,https://pokeapi.co/api/v2/pokemon/875/
876,indeedee-male,psychic,9,60,65,55,105,95,95,https://pokeapi.co/api/v2/pokemon/876/
877,morpeko,electric,3,58,95,58,70,58,97,https://pokeapi.co/api/v2/pokemon/877/
878,cufant,steel,12,72,80,49,40,49,40,https://pokeapi.co/api/v2/pokemon/878/
879,copperajah,steel,30,122,130,69,80,69,30,https://pokeapi.co/api/v2/pokemon/879/
880,dracozolt,electric,18,90,100,90,80,70,75,https://pokeapi.co/api/v2/pokemon/880/
881,arctozolt,electric,23,90,100,90,90,80,55,https://pokeapi.co/api/v2/pokemon/881/
882,dracovish,water,23,90,90,100,70,80,75,https://pokeapi.co/api/v2/pokemon/882/
883,arctovish,water,20,90,90,100,80,90,55,https://pokeapi.co/api/v2/pokemon/883/
884,duraludon,steel,18,70,95,115,120,50,85,https://pokeapi.co/api/v2/pokemon/884/
885,dreepy,dragon,5,28,60,30,40,30,82,https://pokeapi.co/api/v2/pokemon/885/
886,drakloak,dragon,14,68,80,50,60,50,102,https://pokeapi.co/api/v2/pokemon/886/
887,dragapult,dragon,30,88,120,75,100,75,142,https://pokeapi.co/api/v2/pokemon/887/
888,zacian-hero,fairy,28,92,130,115,80,115,138,https://pokeapi.co/api/v2/pokemon/888/
889,zamazenta-hero,fighting,29,92,130,115,80,115,138,https://pokeapi.co/api/v2/pokemon/889/
890,eternatus,poison,200,140,85,95,145,95,130,https://pokeapi.co/api/v2/pokemon/890/
891,kubfu,fighting,6,60,90,60,53,50,72,https://pokeapi.co/api/v2/pokemon/891/
892,urshifu-single-strike,fighting,19,100,130,100,63,60,97,https://pokeapi.co/api/v2/pokemon/892/
893,zarude,dark,18,105,120,105,70,95,105,https://pokeapi.co/api/v2/pokemon/893/
894,regieleki,electric,12,80,100,50,100,50,200,https://pokeapi.co/api/v2/pokemon/894/
895,regidrago,dragon,21,200,100,50,100,50,80,https://pokeapi.co/api/v2/pokemon/895/
896,glastrier,ice,22,100,145,130,65,110,30,https://pokeapi.co/api/v2/pokemon/896/
897,spectrier,ghost,20,100,65,60,145,80,130,https://pokeapi.co/api/v2/pokemon/897/
898,calyrex,psychic,11,100,80,80,80,80,80,https://pokeapi.co/api/v2/pokemon/898/
10001,deoxys-attack,psychic,17,50,180,20,180,20,150,https://pokeapi.co/api/v2/pokemon/10001/
10002,deoxys-defense,psychic,17,50,70,160,70,160,90,https://pokeapi.co/api/v2/pokemon/10002/
10003,deoxys-speed,psychic,17,50,95,90,95,90,180,https://pokeapi.co/api/v2/pokemon/10003/
10004,wormadam-sandy,bug,5,60,79,105,59,85,36,https://pokeapi.co/api/v2/pokemon/10004/
10005,wormadam-trash,bug,5,60,69,95,69,95,36,https://pokeapi.co/api/v2/pokemon/10005/
10006,shaymin-sky,grass,4,100,103,75,120,75,127,https://pokeapi.co/api/v2/pokemon/10006/
10007,giratina-origin,ghost,69,150,120,100,120,100,90,https://pokeapi.co/api/v2/pokemon/10007/
10008,rotom-heat,electric,3,50,65,107,105,107,86,https://pokeapi.co/api/v2/pokemon/10008/
10009,rotom-wash,electric,3,50,65,107,105,107,86,https://pokeapi.co/api/v2/pokemon/10009/
10010,rotom-frost,electric,3,50,65,107,105,107,86,https://pokeapi.co/api/v2/pokemon/10010/
10011,rotom-fan,electric,3,50,65,107,105,107,86,https://pokeapi.co/api/v2/pokemon/10011/
10012,rotom-mow,electric,3,50,65,107,105,107,86,https://pokeapi.co/api/v2/pokemon/10012/
10013,castform-sunny,fire,3,70,70,70,70,70,70,https://pokeapi.co/api/v2/pokemon/10013/
10014,castform-rainy,water,3,70,70,70,70,70,70,https://pokeapi.co/api/v2/pokemon/10014/
10015,castform-snowy,ice,3,70,70,70,70,70,70,https://pokeapi.co/api/v2/pokemon/10015/
10016,basculin-blue-striped,water,10,70,92,65,80,55,98,https://pokeapi.co/api/v2/pokemon/10016/
10017,darmanitan-zen,fire,13,105,30,105,140,105,55,https://pokeapi.co/api/v2/pokemon/10017/
10018,meloetta-pirouette,normal,6,100,128,90,77,77,128,https://pokeapi.co/api/v2/pokemon/10018/
10019,tornadus-therian,flying,14,79,100,80,110,90,121,https://pokeapi.co/api/v2/pokemon/10019/
10020,thundurus-therian,electric,30,79,105,70,145,80,101,https://pokeapi.co/api/v2/pokemon/10020/
10021,landorus-therian,ground,13,89,145,90,105,80,91,https://pokeapi.co/api/v2/pokemon/10021/
10022,kyurem-black,dragon,33,125,170,100,120,90,95,https://pokeapi.co/api/v2/pokemon/10022/
10023,kyurem-white,dragon,36,125,120,90,170,100,95,https://pokeapi.co/api/v2/pokemon/10023/
10024,keldeo-resolute,water,14,91,72,90,129,90,108,https://pokeapi.co/api/v2/pokemon/10024/
10025,meowstic-female,psychic,6,74,48,76,83,81,104,https://pokeapi.co/api/v2/pokemon/10025/
10026,aegislash-blade,steel,17,60,140,50,140,50,60,https://pokeapi.co/api/v2/pokemon/10026/
10027,pumpkaboo-small,ghost,3,44,66,70,44,55,56,https://pokeapi.co/api/v2/pokemon/10027/
10028,pumpkaboo-large,ghost,5,54,66,70,44,55,46,https://pokeapi.co/api/v2/pokemon/10028/
10029,pumpkaboo-super,ghost,8,59,66,70,44,55,41,https://pokeapi.co/api/v2/pokemon/10029/
10030,gourgeist-small,ghost,7,55,85,122,58,75,99,https://pokeapi.co/api/v2/pokemon/10030/
10031,gourgeist-large,ghost,11,75,95,122,58,75,69,https://pokeapi.co/api/v2/pokemon/10031/
10032,gourgeist-super,ghost,17,85,100,122,58,75,54,https://pokeapi.co/api/v2/pokemon/10032/
10033,venusaur-mega,grass,24,80,100,123,122,120,80,https://pokeapi.co/api/v2/pokemon/10033/
10034,charizard-mega-x,fire,17,78,130,111,130,85,100,https://pokeapi.co/api/v2/pokemon/10034/
10035,charizard-mega-y,fire,17,78,104,78,159,115,100,https://pokeapi.co/api/v2/pokemon/10035/
10036,blastoise-mega,water,16,79,103,120,135,115,78,https://pokeapi.co/api/v2/pokemon/10036/
10037,alakazam-mega,psychic,12,55,50,65,175,105,150,https://pokeapi.co/api/v2/pokemon/10037/
10038,gengar-mega,ghost,14,60,65,80,170,95,130,https://pokeapi.co/api/v2/pokemon/10038/
10039,kangaskhan-mega,normal,22,105,125,100,60,100,100,https://pokeapi.co/api/v2/pokemon/10039/
10040,pinsir-mega,bug,17,65,155,120,65,90,105,https://pokeapi.co/api/v2/pokemon/10040/
10041,gyarados-mega,water,65,95,155,109,70,130,81,https://pokeapi.co/api/v2/pokemon/10041/
10042,aerodactyl-mega,rock,21,80,135,85,70,95,150,https://pokeapi.co/api/v2/pokemon/10042/
10043,mewtwo-mega-x,psychic,23,106,190,100,154,100,130,https://pokeapi.co/api/v2/pokemon/10043/
10044,mewtwo-mega-y,psychic,15,106,150,70,194,120,140,https://pokeapi.co/api/v2/pokemon/10044/
10045,ampharos-mega,electric,14,90,95,105,165,110,45,https://pokeapi.co/api/v2/pokemon/10045/
10046,scizor-mega,bug,20,70,150,140,65,100,75,https://pokeapi.co/api/v2/pokemon/10046/
10047,heracross-mega,bug,17,80,185,115,40,105,75,https://pokeapi.co/api/v2/pokemon/10047/
10048,houndoom-mega,dark,19,75,90,90,140,90,115,https://pokeapi.co/api/v2/pokemon/10048/
10049,tyranitar-mega,rock,25,100,164,150,95,120,71,https://pokeapi.co/api/v2/pokemon/10049/
10050,blaziken-mega,fire,19,80,160,80,130,80,100,https://pokeapi.co/api/v2/pokemon/10050/
10051,gardevoir-mega,psychic,16,68,85,65,165,135,100,https://pokeapi.co/api/v2/pokemon/10051/
10052,mawile-mega,steel,10,50,105,125,55,95,50,https://pokeapi.co/api/v2/pokemon/10052/
10053,aggron-mega,steel,22,70,140,230,60,80,50,https://pokeapi.co/api/v2/pokemon/10053/
10054,medicham-mega,fighting,13,60,100,85,80,85,100,https://pokeapi.co/api/v2/pokemon/10054/
10055,manectric-mega,electric,18,70,75,80,135,80,135,https://pokeapi.co/api/v2/pokemon/10055/
10056,banette-mega,ghost,12,64,165,75,93,83,75,https://pokeapi.co/api/v2/pokemon/10056/
10057,absol-mega,dark,12,65,150,60,115,60,115,https://pokeapi.co/api/v2/pokemon/10057/
10058,garchomp-mega,dragon,19,108,170,115,120,95,92,https://pokeapi.co/api/v2/pokemon/10058/
10059,lucario-mega,fighting,13,70,145,88,140,70,112,https://pokeapi.co/api/v2/pokemon/10059/
10060,abomasnow-mega,grass,27,90,132,105,132,105,30,https://pokeapi.co/api/v2/pokemon/10060/
10061,floette-eternal,fairy,2,74,65,67,125,128,92,https://pokeapi.co/api/v2/pokemon/10061/
10062,latias-mega,dragon,18,80,100,120,140,150,110,https://pokeapi.co/api/v2/pokemon/10062/
10063,latios-mega,dragon,23,80,130,100,160,120,110,https://pokeapi.co/api/v2/pokemon/10063/
10064,swampert-mega,water,19,100,150,110,95,110,70,https://pokeapi.co/api/v2/pokemon/10064/
10065,sceptile-mega,grass,19,70,110,75,145,85,145,https://pokeapi.co/api/v2/pokemon/10065/
10066,sableye-mega,dark,5,50,85,125,85,115,20,https://pokeapi.co/api/v2/pokemon/10066/
10067,altaria-mega,dragon,15,75,110,110,110,105,80,https://pokeapi.co/api/v2/pokemon/10067/
10068,gallade-mega,psychic,16,68,165,95,65,115,110,https://pokeapi.co/api/v2/pokemon/10068/
10069,audino-mega,normal,15,103,60,126,80,126,50,https://pokeapi.co/api/v2/pokemon/10069/
10070,sharpedo-mega,water,25,70,140,70,110,65,105,https://pokeapi.co/api/v2/pokemon/10070/
10071,slowbro-mega,water,20,95,75,180,130,80,30,https://pokeapi.co/api/v2/pokemon/10071/
10072,steelix-mega,steel,105,75,125,230,55,95,30,https://pokeapi.co/api/v2/pokemon/10072/
10073,pidgeot-mega,normal,22,83,80,80,135,80,121,https://pokeapi.co/api/v2/pokemon/10073/
10074,glalie-mega,ice,21,80,120,80,120,80,100,https://pokeapi.co/api/v2/pokemon/10074/
10075,diancie-mega,rock,11,50,160,110,160,110,110,https://pokeapi.co/api/v2/pokemon/10075/
10076,metagross-mega,steel,25,80,145,150,105,110,110,https://pokeapi.co/api/v2/pokemon/10076/
10077,kyogre-primal,water,98,100,150,90,180,160,90,https://pokeapi.co/api/v2/pokemon/10077/
10078,groudon-primal,ground,50,100,180,160,150,90,90,https://pokeapi.co/api/v2/pokemon/10078/
10079,rayquaza-mega,dragon,108,105,180,100,180,100,115,https://pokeapi.co/api/v2/pokemon/10079/
10080,pikachu-rock-star,electric,4,35,55,40,50,50,90,https://pokeapi.co/api/v2/pokemon/10080/
10081,pikachu-belle,electric,4,35,55,40,50,50,90,https://pokeapi.co/api/v2/pokemon/10081/
10082,pikachu-pop-star,electric,4,35,55,40,50,50,90,https://pokeapi.co/api/v2/pokemon/10082/
10083,pikachu-phd,electric,4,35,55,40,50,50,90,https://pokeapi.co/api/v2/pokemon/10083/
10084,pikachu-libre,electric,4,35,55,40,50,50,90,https://pokeapi.co/api/v2/pokemon/10084/
10085,pikachu-cosplay,electric,4,35,55,40,50,50,90,https://pokeapi.co/api/v2/pokemon/10085/
10086,hoopa-unbound,psychic,65,80,160,60,170,130,80,https://pokeapi.co/api/v2/pokemon/10086/
10087,camerupt-mega,fire,25,70,120,100,145,105,20,https://pokeapi.co/api/v2/pokemon/10087/
10088,lopunny-mega,normal,13,65,136,94,54,96,135,https://pokeapi.co/api/v2/pokemon/10088/
10089,salamence-mega,dragon,18,95,145,130,120,90,120,https://pokeapi.co/api/v2/pokemon/10089/
10090,beedrill-mega,bug,14,65,150,40,15,80,145,https://pokeapi.co/api/v2/pokemon/10090/
10091,rattata-alola,dark,3,30,56,35,25,35,72,https://pokeapi.co/api/v2/pokemon/10091/
10092,raticate-alola,dark,7,75,71,70,40,80,77,https://pokeapi.co/api/v2/pokemon/10092/
10093,raticate-totem-alola,dark,14,75,71,70,40,80,77,https://pokeapi.co/api/v2/pokemon/10093/
10094,pikachu-original-cap,electric,4,35,55,40,50,50,90,https://pokeapi.co/api/v2/pokemon/10094/
10095,pikachu-hoenn-cap,electric,4,35,55,40,50,50,90,https://pokeapi.co/api/v2/pokemon/10095/
10096,pikachu-sinnoh-cap,electric,4,35,55,40,50,50,90,https://pokeapi.co/api/v2/pokemon/10096/
10097,pikachu-unova-cap,electric,4,35,55,40,50,50,90,https://pokeapi.co/api/v2/pokemon/10097/
10098,pikachu-kalos-cap,electric,4,35,55,40,50,50,90,https://pokeapi.co/api/v2/pokemon/10098/
10099,pikachu-alola-cap,electric,4,35,55,40,50,50,90,https://pokeapi.co/api/v2/pokemon/10099/
10100,raichu-alola,electric,7,60,85,50,95,85,110,https://pokeapi.co/api/v2/pokemon/10100/
10101,sandshrew-alola,ice,7,50,75,90,10,35,40,https://pokeapi.co/api/v2/pokemon/10101/
10102,sandslash-alola,ice,12,75,100,120,25,65,65,https://pokeapi.co/api/v2/pokemon/10102/
10103,vulpix-alola,ice,6,38,41,40,50,65,65,https://pokeapi.co/api/v2/pokemon/10103/
10104,ninetales-alola,ice,11,73,67,75,81,100,109,https://pokeapi.co/api/v2/pokemon/10104/
10105,diglett-alola,ground,2,10,55,30,35,45,90,https://pokeapi.co/api/v2/pokemon/10105/
10106,dugtrio-alola,ground,7,35,100,60,50,70,110,https://pokeapi.co/api/v2/pokemon/10106/
10107,meowth-alola,dark,4,40,35,35,50,40,90,https://pokeapi.co/api/v2/pokemon/10107/
10108,persian-alola,dark,11,65,60,60,75,65,115,https://pokeapi.co/api/v2/pokemon/10108/
10109,geodude-alola,rock,4,40,80,100,30,30,20,https://pokeapi.co/api/v2/pokemon/10109/
10110,graveler-alola,rock,10,55,95,115,45,45,35,https://pokeapi.co/api/v2/pokemon/10110/
10111,golem-alola,rock,17,80,120,130,55,65,45,https://pokeapi.co/api/v2/pokemon/10111/
10112,grimer-alola,poison,7,80,80,50,40,50,25,https://pokeapi.co/api/v2/pokemon/10112/
10113,muk-alola,poison,10,105,105,75,65,100,50,https://pokeapi.co/api/v2/pokemon/10113/
10114,exeggutor-alola,grass,109,95,105,85,125,75,45,https://pokeapi.co/api/v2/pokemon/10114/
10115,marowak-alola,fire,10,60,80,110,50,80,45,https://pokeapi.co/api/v2/pokemon/10115/
10116,greninja-battle-bond,water,15,72,95,67,103,71,122,https://pokeapi.co/api/v2/pokemon/10116/
10117,greninja-ash,water,15,72,145,67,153,71,132,https://pokeapi.co/api/v2/pokemon/10117/
10118,zygarde-10,dragon,12,54,100,71,61,85,115,https://pokeapi.co/api/v2/pokemon/10118/
10119,zygarde-50,dragon,50,108,100,121,81,95,95,https://pokeapi.co/api/v2/pokemon/10119/
10120,zygarde-complete,dragon,45,216,100,121,91,95,85,https://pokeapi.co/api/v2/pokemon/10120/
10121,gumshoos-totem,normal,14,88,110,60,55,60,45,https://pokeapi.co/api/v2/pokemon/10121/
10122,vikavolt-totem,bug,26,77,70,90,145,75,43,https://pokeapi.co/api/v2/pokemon/10122/
10123,oricorio-pom-pom,electric,6,75,70,70,98,70,93,https://pokeapi.co/api/v2/pokemon/10123/
10124,oricorio-pau,psychic,6,75,70,70,98,70,93,https://pokeapi.co/api/v2/pokemon/10124/
10125,oricorio-sensu,ghost,6,75,70,70,98,70,93,https://pokeapi.co/api/v2/pokemon/10125/
10126,lycanroc-midnight,rock,11,85,115,75,55,75,82,https://pokeapi.co/api/v2/pokemon/10126/
10127,wishiwashi-school,water,82,45,140,130,140,135,30,https://pokeapi.co/api/v2/pokemon/10127/
10128,lurantis-totem,grass,15,70,105,90,80,90,45,https://pokeapi.co/api/v2/pokemon/10128/
10129,salazzle-totem,poison,21,68,64,60,111,60,117,https://pokeapi.co/api/v2/pokemon/10129/
10130,minior-orange-meteor,rock,3,60,60,100,60,100,60,https://pokeapi.co/api/v2/pokemon/10130/
10131,minior-yellow-meteor,rock,3,60,60,100,60,100,60,https://pokeapi.co/api/v2/pokemon/10131/
10132,minior-green-meteor,rock,3,60,60,100,60,100,60,https://pokeapi.co/api/v2/pokemon/10132/
10133,minior-blue-meteor,rock,3,60,60,100,60,100,60,https://pokeapi.co/api/v2/pokemon/10133/
10134,minior-indigo-meteor,rock,3,60,60,100,60,100,60,https://pokeapi.co/api/v2/pokemon/10134/
10135,minior-violet-meteor,rock,3,60,60,100,60,100,60,https://pokeapi.co/api/v2/pokemon/10135/
10136,minior-red,rock,3,60,100,60,100,60,120,https://pokeapi.co/api/v2/pokemon/10136/
10137,minior-orange,rock,3,60,100,60,100,60,120,https://pokeapi.co/api/v2/pokemon/10137/
10138,minior-yellow,rock,3,60,100,60,100,60,120,https://pokeapi.co/api/v2/pokemon/10138/
10139,minior-green,rock,3,60,100,60,100,60,120,https://pokeapi.co/api/v2/pokemon/10139/
10140,minior-blue,rock,3,60,100,60,100,60,120,https://pokeapi.co/api/v2/pokemon/10140/
10141,minior-indigo,rock,3,60,100,60,100,60,120,https://pokeapi.co/api/v2/pokemon/10141/
10142,minior-violet,rock,3,60,100,60,100,60,120,https://pokeapi.co/api/v2/pokemon/10142/
10143,mimikyu-busted,ghost,2,55,90,80,50,105,96,https://pokeapi.co/api/v2/pokemon/10143/
10144,mimikyu-totem-disguised,ghost,4,55,90,80,50,105,96,https://pokeapi.co/api/v2/pokemon/10144/
10145,mimikyu-totem-busted,ghost,4,55,90,80,50,105,96,https://pokeapi.co/api/v2/pokemon/10145/
10146,kommo-o-totem,dragon,24,75,110,125,100,105,85,https://pokeapi.co/api/v2/pokemon/10146/
10147,magearna-original,steel,10,80,95,115,130,115,65,https://pokeapi.co/api/v2/pokemon/10147/
10148,pikachu-partner-cap,electric,4,35,55,40,50,50,90,https://pokeapi.co/api/v2/pokemon/10148/
10149,marowak-totem,fire,17,60,80,110,50,80,45,https://pokeapi.co/api/v2/pokemon/10149/
10150,ribombee-totem,bug,4,60,55,60,95,70,124,https://pokeapi.co/api/v2/pokemon/10150/
10151,rockruff-own-tempo,rock,5,45,65,40,30,40,60,https://pokeapi.co/api/v2/pokemon/10151/
10152,lycanroc-dusk,rock,8,75,117,65,55,65,110,https://pokeapi.co/api/v2/pokemon/10152/
10153,araquanid-totem,water,31,68,70,92,50,132,42,https://pokeapi.co/api/v2/pokemon/10153/
10154,togedemaru-totem,electric,6,65,98,63,40,73,96,https://pokeapi.co/api/v2/pokemon/10154/
10155,necrozma-dusk,psychic,38,97,157,127,113,109,77,https://pokeapi.co/api/v2/pokemon/10155/
10156,necrozma-dawn,psychic,42,97,113,109,157,127,77,https://pokeapi.co/api/v2/pokemon/10156/
10157,necrozma-ultra,psychic,75,97,167,97,167,97,129,https://pokeapi.co/api/v2/pokemon/10157/
10158,meowth-galar,steel,4,50,65,55,40,40,40,https://pokeapi.co/api/v2/pokemon/10158/
10159,ponyta-galar,psychic,8,50,85,55,65,65,90,https://pokeapi.co/api/v2/pokemon/10159/
10160,rapidash-galar,psychic,17,65,100,70,80,80,105,https://pokeapi.co/api/v2/pokemon/10160/
10161,slowpoke-galar,psychic,12,90,65,65,40,40,15,https://pokeapi.co/api/v2/pokemon/10161/
10162,slowbro-galar,poison,16,95,100,95,100,70,30,https://pokeapi.co/api/v2/pokemon/10162/
10163,farfetchd-galar,fighting,8,52,95,55,58,62,55,https://pokeapi.co/api/v2/pokemon/10163/
10164,weezing-galar,poison,30,65,90,120,85,70,60,https://pokeapi.co/api/v2/pokemon/10164/
10165,mr-mime-galar,ice,14,50,65,65,90,90,100,https://pokeapi.co/api/v2/pokemon/10165/
10166,articuno-galar,psychic,17,90,85,85,125,100,95,https://pokeapi.co/api/v2/pokemon/10166/
10167,zapdos-galar,fighting,16,90,125,90,85,90,100,https://pokeapi.co/api/v2/pokemon/10167/
10168,moltres-galar,dark,20,90,85,90,100,125,90,https://pokeapi.co/api/v2/pokemon/10168/
10169,slowking-galar,poison,18,95,65,80,110,110,30,https://pokeapi.co/api/v2/pokemon/10169/
10170,corsola-galar,ghost,6,60,55,100,65,100,30,https://pokeapi.co/api/v2/pokemon/10170/
10171,zigzagoon-galar,dark,4,38,30,41,30,41,60,https://pokeapi.co/api/v2/pokemon/10171/
10172,linoone-galar,dark,5,78,70,61,50,61,100,https://pokeapi.co/api/v2/pokemon/10172/
10173,darumaka-galar,ice,7,70,90,45,15,45,50,https://pokeapi.co/api/v2/pokemon/10173/
10174,darmanitan-standard-galar,ice,17,105,140,55,30,55,95,https://pokeapi.co/api/v2/pokemon/10174/
10175,darmanitan-zen-galar,ice,17,105,160,55,30,55,135,https://pokeapi.co/api/v2/pokemon/10175/
10176,yamask-galar,ground,5,38,55,85,30,65,30,https://pokeapi.co/api/v2/pokemon/10176/
10177,stunfisk-galar,ground,7,109,81,99,66,84,32,https://pokeapi.co/api/v2/pokemon/10177/
10178,toxtricity-low-key,electric,16,75,98,70,114,70,75,https://pokeapi.co/api/v2/pokemon/10178/
10179,eiscue-noice,ice,14,75,80,70,65,50,130,https://pokeapi.co/api/v2/pokemon/10179/
10180,indeedee-female,psychic,9,70,55,65,95,105,85,https://pokeapi.co/api/v2/pokemon/10180/
10181,zacian-crowned,fairy,28,92,170,115,80,115,148,https://pokeapi.co/api/v2/pokemon/10181/
10182,zamazenta-crowned,fighting,29,92,130,145,80,145,128,https://pokeapi.co/api/v2/pokemon/10182/
10183,urshifu-rapid-strike,fighting,19,100,130,100,63,60,97,https://pokeapi.co/api/v2/pokemon/10183/
10184,calyrex-ice-rider,psychic,24,100,165,150,85,130,50,https://pokeapi.co/api/v2/pokemon/10184/
10185,calyrex-shadow-rider,psychic,24,100,85,80,165,100,150,https://pokeapi.co/api/v2/pokemon/10185/
10186,venusaur-gmax,grass,240,80,82,83,100,100,80,https://pokeapi.co/api/v2/pokemon/10186/
10187,charizard-gmax,fire,280,78,84,78,109,85,100,https://pokeapi.co/api/v2/pokemon/10187/
10188,blastoise-gmax,water,250,79,83,100,85,105,78,https://pokeapi.co/api/v2/pokemon/10188/
10189,butterfree-gmax,bug,170,60,45,50,90,80,70,https://pokeapi.co/api/v2/pokemon/10189/
10190,pikachu-gmax,electric,210,35,55,40,50,50,90,https://pokeapi.co/api/v2/pokemon/10190/
10191,meowth-gmax,normal,330,40,45,35,40,40,90,https://pokeapi.co/api/v2/pokemon/10191/
10192,machamp-gmax,fighting,250,90,130,80,65,85,55,https://pokeapi.co/api/v2/pokemon/10192/
10193,gengar-gmax,ghost,200,60,65,60,130,75,110,https://pokeapi.co/api/v2/pokemon/10193/
10194,kingler-gmax,water,190,55,130,115,50,50,75,https://pokeapi.co/api/v2/pokemon/10194/
10195,lapras-gmax,water,240,130,85,80,85,95,60,https://pokeapi.co/api/v2/pokemon/10195/
10196,eevee-gmax,normal,180,55,55,50,45,65,55,https://pokeapi.co/api/v2/pokemon/10196/
10197,snorlax-gmax,normal,350,160,110,65,65,110,30,https://pokeapi.co/api/v2/pokemon/10197/
10198,garbodor-gmax,poison,210,80,95,82,60,82,75,https://pokeapi.co/api/v2/pokemon/10198/
10199,melmetal-gmax,steel,250,135,143,143,80,65,34,https://pokeapi.co/api/v2/pokemon/10199/
10200,rillaboom-gmax,grass,280,100,125,90,60,70,85,https://pokeapi.co/api/v2/pokemon/10200/
10201,cinderace-gmax,fire,270,80,116,75,65,75,119,https://pokeapi.co/api/v2/pokemon/10201/
10202,inteleon-gmax,water,400,70,85,65,125,65,120,https://pokeapi.co/api/v2/pokemon/10202/
10203,corviknight-gmax,flying,140,98,87,105,53,85,67,https://pokeapi.co/api/v2/pokemon/10203/
10204,orbeetle-gmax,bug,140,60,45,110,80,120,90,https://pokeapi.co/api/v2/pokemon/10204/
10205,drednaw-gmax,water,240,90,115,90,48,68,74,https://pokeapi.co/api/v2/pokemon/10205/
10206,coalossal-gmax,rock,420,110,80,120,80,90,30,https://pokeapi.co/api/v2/pokemon/10206/
10207,flapple-gmax,grass,240,70,110,80,95,60,70,https://pokeapi.co/api/v2/pokemon/10207/
10208,appletun-gmax,grass,240,110,85,80,100,80,30,https://pokeapi.co/api/v2/pokemon/10208/
10209,sandaconda-gmax,ground,220,72,107,125,65,70,71,https://pokeapi.co/api/v2/pokemon/10209/
10210,toxtricity-amped-gmax,electric,240,75,98,70,114,70,75,https://pokeapi.co/api/v2/pokemon/10210/
10211,centiskorch-gmax,fire,750,100,115,65,90,90,65,https://pokeapi.co/api/v2/pokemon/10211/
10212,hatterene-gmax,psychic,260,57,90,95,136,103,29,https://pokeapi.co/api/v2/pokemon/10212/
10213,grimmsnarl-gmax,dark,320,95,120,65,95,75,60,https://pokeapi.co/api/v2/pokemon/10213/
10214,alcremie-gmax,fairy,300,65,60,75,110,121,64,https://pokeapi.co/api/v2/pokemon/10214/
10215,copperajah-gmax,steel,230,122,130,69,80,69,30,https://pokeapi.co/api/v2/pokemon/10215/
10216,duraludon-gmax,steel,430,70,95,115,120,50,85,https://pokeapi.co/api/v2/pokemon/10216/
10217,eternatus-eternamax,poison,1000,255,115,250,125,250,130,https://pokeapi.co/api/v2/pokemon/10217/
10218,urshifu-single-strike-gmax,fighting,290,100,130,100,63,60,97,https://pokeapi.co/api/v2/pokemon/10218/
10219,urshifu-rapid-strike-gmax,fighting,260,100,130,100,63,60,97,https://pokeapi.co/api/v2/pokemon/10219/
10220,toxtricity-low-key-gmax,electric,240,75,98,70,114,70,75,https://pokeapi.co/api/v2/pokemon/10220/
