"","year","gender","ethnic_group","age_group","amount"
"1",2002,"Male","Asian","5–",5
"2",2002,"Female","Asian","5–",3
"3",2002,"Male","Māori","5–",69
"4",2002,"Female","Māori","5–",49
"5",2002,"Male","Other","5–",348
"6",2002,"Female","Other","5–",175
"7",2002,"Male","Pacific","5–",10
"8",2002,"Female","Pacific","5–",2
"9",2002,"Male","Asian","10–",23
"10",2002,"Female","Asian","10–",13
"11",2002,"Male","Māori","10–",549
"12",2002,"Female","Māori","10–",184
"13",2002,"Male","Other","10–",2174
"14",2002,"Female","Other","10–",924
"15",2002,"Male","Pacific","10–",63
"16",2002,"Female","Pacific","10–",19
"17",2002,"Male","Asian","15–",54
"18",2002,"Female","Asian","15–",37
"19",2002,"Male","Māori","15–",951
"20",2002,"Female","Māori","15–",577
"21",2002,"Male","Other","15–",3244
"22",2002,"Female","Other","15–",1777
"23",2002,"Male","Pacific","15–",103
"24",2002,"Female","Pacific","15–",78
"25",2002,"Male","Asian","20–",87
"26",2002,"Female","Asian","20–",118
"27",2002,"Male","Māori","20–",954
"28",2002,"Female","Māori","20–",934
"29",2002,"Male","Other","20–",2924
"30",2002,"Female","Other","20–",3228
"31",2002,"Male","Pacific","20–",171
"32",2002,"Female","Pacific","20–",153
"33",2002,"Male","Asian","25–",87
"34",2002,"Female","Asian","25–",87
"35",2002,"Male","Māori","25–",1009
"36",2002,"Female","Māori","25–",753
"37",2002,"Male","Other","25–",2537
"38",2002,"Female","Other","25–",2336
"39",2002,"Male","Pacific","25–",216
"40",2002,"Female","Pacific","25–",135
"41",2002,"Male","Asian","30–",73
"42",2002,"Female","Asian","30–",104
"43",2002,"Male","Māori","30–",1091
"44",2002,"Female","Māori","30–",892
"45",2002,"Male","Other","30–",3021
"46",2002,"Female","Other","30–",2865
"47",2002,"Male","Pacific","30–",217
"48",2002,"Female","Pacific","30–",128
"49",2002,"Male","Asian","35–",78
"50",2002,"Female","Asian","35–",130
"51",2002,"Male","Māori","35–",1189
"52",2002,"Female","Māori","35–",1005
"53",2002,"Male","Other","35–",3534
"54",2002,"Female","Other","35–",3628
"55",2002,"Male","Pacific","35–",192
"56",2002,"Female","Pacific","35–",151
"57",2002,"Male","Asian","40–",71
"58",2002,"Female","Asian","40–",124
"59",2002,"Male","Māori","40–",1054
"60",2002,"Female","Māori","40–",965
"61",2002,"Male","Other","40–",3629
"62",2002,"Female","Other","40–",3694
"63",2002,"Male","Pacific","40–",174
"64",2002,"Female","Pacific","40–",132
"65",2002,"Male","Asian","40–",83
"66",2002,"Female","Asian","40–",125
"67",2002,"Male","Māori","40–",680
"68",2002,"Female","Māori","40–",741
"69",2002,"Male","Other","40–",3247
"70",2002,"Female","Other","40–",3197
"71",2002,"Male","Pacific","40–",112
"72",2002,"Female","Pacific","40–",102
"73",2002,"Male","Asian","50–",48
"74",2002,"Female","Asian","50–",87
"75",2002,"Male","Māori","50–",444
"76",2002,"Female","Māori","50–",438
"77",2002,"Male","Other","50–",2534
"78",2002,"Female","Other","50–",2438
"79",2002,"Male","Pacific","50–",74
"80",2002,"Female","Pacific","50–",62
"81",2002,"Male","Asian","60–",44
"82",2002,"Female","Asian","60–",60
"83",2002,"Male","Māori","60–",231
"84",2002,"Female","Māori","60–",262
"85",2002,"Male","Other","60–",1783
"86",2002,"Female","Other","60–",2015
"87",2002,"Male","Pacific","60–",51
"88",2002,"Female","Pacific","60–",49
"89",2002,"Male","Asian","60–",15
"90",2002,"Female","Asian","60–",33
"91",2002,"Male","Māori","60–",123
"92",2002,"Female","Māori","60–",139
"93",2002,"Male","Other","60–",1206
"94",2002,"Female","Other","60–",1461
"95",2002,"Male","Pacific","60–",28
"96",2002,"Female","Pacific","60–",44
"97",2002,"Male","Asian","65–",17
"98",2002,"Female","Asian","65–",22
"99",2002,"Male","Māori","65–",73
"100",2002,"Female","Māori","65–",96
"101",2002,"Male","Other","65–",896
"102",2002,"Female","Other","65–",1072
"103",2002,"Male","Pacific","65–",20
"104",2002,"Female","Pacific","65–",32
"105",2002,"Male","Asian","70–",10
"106",2002,"Female","Asian","70–",25
"107",2002,"Male","Māori","70–",41
"108",2002,"Female","Māori","70–",70
"109",2002,"Male","Other","70–",609
"110",2002,"Female","Other","70–",813
"111",2002,"Male","Pacific","70–",17
"112",2002,"Female","Pacific","70–",18
"113",2002,"Male","Asian","75–",8
"114",2002,"Female","Asian","75–",21
"115",2002,"Male","Māori","75–",33
"116",2002,"Female","Māori","75–",43
"117",2002,"Male","Other","75–",578
"118",2002,"Female","Other","75–",769
"119",2002,"Male","Pacific","75–",9
"120",2002,"Female","Pacific","75–",12
"121",2002,"Male","Asian","80–",9
"122",2002,"Female","Asian","80–",11
"123",2002,"Male","Māori","80–",20
"124",2002,"Female","Māori","80–",27
"125",2002,"Male","Other","80–",554
"126",2002,"Female","Other","80–",927
"127",2002,"Male","Pacific","80–",8
"128",2002,"Female","Pacific","80–",11
"129",2002,"Male","Asian","85+",5
"130",2002,"Female","Asian","85+",2
"131",2002,"Male","Māori","85+",7
"132",2002,"Female","Māori","85+",21
"133",2002,"Male","Other","85+",473
"134",2002,"Female","Other","85+",887
"135",2002,"Male","Pacific","85+",5
"136",2002,"Female","Pacific","85+",9
"137",2002,"Male","Asian","85+",2
"138",2002,"Female","Asian","85+",5
"139",2002,"Male","Māori","85+",4
"140",2002,"Female","Māori","85+",14
"141",2002,"Male","Other","85+",366
"142",2002,"Female","Other","85+",874
"143",2002,"Male","Pacific","85+",2
"144",2002,"Female","Pacific","85+",2
"145",2003,"Male","Asian","5–",4
"146",2003,"Female","Asian","5–",2
"147",2003,"Male","Māori","5–",60
"148",2003,"Female","Māori","5–",27
"149",2003,"Male","Other","5–",246
"150",2003,"Female","Other","5–",136
"151",2003,"Male","Pacific","5–",6
"152",2003,"Female","Pacific","5–",0
"153",2003,"Male","Asian","10–",30
"154",2003,"Female","Asian","10–",8
"155",2003,"Male","Māori","10–",506
"156",2003,"Female","Māori","10–",151
"157",2003,"Male","Other","10–",2014
"158",2003,"Female","Other","10–",802
"159",2003,"Male","Pacific","10–",51
"160",2003,"Female","Pacific","10–",16
"161",2003,"Male","Asian","15–",62
"162",2003,"Female","Asian","15–",35
"163",2003,"Male","Māori","15–",1038
"164",2003,"Female","Māori","15–",567
"165",2003,"Male","Other","15–",3278
"166",2003,"Female","Other","15–",1755
"167",2003,"Male","Pacific","15–",94
"168",2003,"Female","Pacific","15–",63
"169",2003,"Male","Asian","20–",83
"170",2003,"Female","Asian","20–",124
"171",2003,"Male","Māori","20–",1067
"172",2003,"Female","Māori","20–",901
"173",2003,"Male","Other","20–",2993
"174",2003,"Female","Other","20–",3279
"175",2003,"Male","Pacific","20–",196
"176",2003,"Female","Pacific","20–",161
"177",2003,"Male","Asian","25–",122
"178",2003,"Female","Asian","25–",127
"179",2003,"Male","Māori","25–",1115
"180",2003,"Female","Māori","25–",829
"181",2003,"Male","Other","25–",2594
"182",2003,"Female","Other","25–",2467
"183",2003,"Male","Pacific","25–",251
"184",2003,"Female","Pacific","25–",144
"185",2003,"Male","Asian","30–",88
"186",2003,"Female","Asian","30–",104
"187",2003,"Male","Māori","30–",1092
"188",2003,"Female","Māori","30–",891
"189",2003,"Male","Other","30–",2913
"190",2003,"Female","Other","30–",2721
"191",2003,"Male","Pacific","30–",221
"192",2003,"Female","Pacific","30–",151
"193",2003,"Male","Asian","35–",80
"194",2003,"Female","Asian","35–",128
"195",2003,"Male","Māori","35–",1191
"196",2003,"Female","Māori","35–",1061
"197",2003,"Male","Other","35–",3590
"198",2003,"Female","Other","35–",3637
"199",2003,"Male","Pacific","35–",206
"200",2003,"Female","Pacific","35–",182
"201",2003,"Male","Asian","40–",81
"202",2003,"Female","Asian","40–",163
"203",2003,"Male","Māori","40–",1029
"204",2003,"Female","Māori","40–",972
"205",2003,"Male","Other","40–",3501
"206",2003,"Female","Other","40–",3635
"207",2003,"Male","Pacific","40–",188
"208",2003,"Female","Pacific","40–",162
"209",2003,"Male","Asian","40–",82
"210",2003,"Female","Asian","40–",128
"211",2003,"Male","Māori","40–",743
"212",2003,"Female","Māori","40–",768
"213",2003,"Male","Other","40–",3274
"214",2003,"Female","Other","40–",3201
"215",2003,"Male","Pacific","40–",126
"216",2003,"Female","Pacific","40–",125
"217",2003,"Male","Asian","50–",61
"218",2003,"Female","Asian","50–",90
"219",2003,"Male","Māori","50–",472
"220",2003,"Female","Māori","50–",467
"221",2003,"Male","Other","50–",2569
"222",2003,"Female","Other","50–",2417
"223",2003,"Male","Pacific","50–",85
"224",2003,"Female","Pacific","50–",74
"225",2003,"Male","Asian","60–",42
"226",2003,"Female","Asian","60–",72
"227",2003,"Male","Māori","60–",244
"228",2003,"Female","Māori","60–",275
"229",2003,"Male","Other","60–",1835
"230",2003,"Female","Other","60–",1878
"231",2003,"Male","Pacific","60–",45
"232",2003,"Female","Pacific","60–",56
"233",2003,"Male","Asian","60–",20
"234",2003,"Female","Asian","60–",41
"235",2003,"Male","Māori","60–",129
"236",2003,"Female","Māori","60–",165
"237",2003,"Male","Other","60–",1270
"238",2003,"Female","Other","60–",1494
"239",2003,"Male","Pacific","60–",26
"240",2003,"Female","Pacific","60–",48
"241",2003,"Male","Asian","65–",22
"242",2003,"Female","Asian","65–",20
"243",2003,"Male","Māori","65–",73
"244",2003,"Female","Māori","65–",123
"245",2003,"Male","Other","65–",899
"246",2003,"Female","Other","65–",1046
"247",2003,"Male","Pacific","65–",22
"248",2003,"Female","Pacific","65–",30
"249",2003,"Male","Asian","70–",20
"250",2003,"Female","Asian","70–",28
"251",2003,"Male","Māori","70–",58
"252",2003,"Female","Māori","70–",74
"253",2003,"Male","Other","70–",602
"254",2003,"Female","Other","70–",793
"255",2003,"Male","Pacific","70–",24
"256",2003,"Female","Pacific","70–",25
"257",2003,"Male","Asian","75–",16
"258",2003,"Female","Asian","75–",26
"259",2003,"Male","Māori","75–",35
"260",2003,"Female","Māori","75–",46
"261",2003,"Male","Other","75–",586
"262",2003,"Female","Other","75–",748
"263",2003,"Male","Pacific","75–",9
"264",2003,"Female","Pacific","75–",16
"265",2003,"Male","Asian","80–",4
"266",2003,"Female","Asian","80–",8
"267",2003,"Male","Māori","80–",24
"268",2003,"Female","Māori","80–",35
"269",2003,"Male","Other","80–",582
"270",2003,"Female","Other","80–",899
"271",2003,"Male","Pacific","80–",12
"272",2003,"Female","Pacific","80–",14
"273",2003,"Male","Asian","85+",6
"274",2003,"Female","Asian","85+",2
"275",2003,"Male","Māori","85+",12
"276",2003,"Female","Māori","85+",28
"277",2003,"Male","Other","85+",486
"278",2003,"Female","Other","85+",944
"279",2003,"Male","Pacific","85+",1
"280",2003,"Female","Pacific","85+",9
"281",2003,"Male","Asian","85+",0
"282",2003,"Female","Asian","85+",4
"283",2003,"Male","Māori","85+",6
"284",2003,"Female","Māori","85+",12
"285",2003,"Male","Other","85+",375
"286",2003,"Female","Other","85+",914
"287",2003,"Male","Pacific","85+",4
"288",2003,"Female","Pacific","85+",4
"289",2004,"Male","Asian","0–",12
"290",2004,"Female","Asian","0–",6
"291",2004,"Male","Māori","0–",62
"292",2004,"Female","Māori","0–",32
"293",2004,"Male","Other","0–",201
"294",2004,"Female","Other","0–",122
"295",2004,"Male","Pacific","0–",8
"296",2004,"Female","Pacific","0–",5
"297",2004,"Male","Asian","10–",32
"298",2004,"Female","Asian","10–",11
"299",2004,"Male","Māori","10–",500
"300",2004,"Female","Māori","10–",165
"301",2004,"Male","Other","10–",1878
"302",2004,"Female","Other","10–",786
"303",2004,"Male","Pacific","10–",77
"304",2004,"Female","Pacific","10–",16
"305",2004,"Male","Asian","15–",55
"306",2004,"Female","Asian","15–",35
"307",2004,"Male","Māori","15–",1046
"308",2004,"Female","Māori","15–",582
"309",2004,"Male","Other","15–",3098
"310",2004,"Female","Other","15–",1710
"311",2004,"Male","Pacific","15–",97
"312",2004,"Female","Pacific","15–",59
"313",2004,"Male","Asian","20–",96
"314",2004,"Female","Asian","20–",141
"315",2004,"Male","Māori","20–",1112
"316",2004,"Female","Māori","20–",970
"317",2004,"Male","Other","20–",3081
"318",2004,"Female","Other","20–",3536
"319",2004,"Male","Pacific","20–",193
"320",2004,"Female","Pacific","20–",178
"321",2004,"Male","Asian","25–",110
"322",2004,"Female","Asian","25–",139
"323",2004,"Male","Māori","25–",1063
"324",2004,"Female","Māori","25–",759
"325",2004,"Male","Other","25–",2589
"326",2004,"Female","Other","25–",2366
"327",2004,"Male","Pacific","25–",239
"328",2004,"Female","Pacific","25–",139
"329",2004,"Male","Asian","30–",94
"330",2004,"Female","Asian","30–",119
"331",2004,"Male","Māori","30–",1080
"332",2004,"Female","Māori","30–",836
"333",2004,"Male","Other","30–",2673
"334",2004,"Female","Other","30–",2508
"335",2004,"Male","Pacific","30–",250
"336",2004,"Female","Pacific","30–",123
"337",2004,"Male","Asian","35–",82
"338",2004,"Female","Asian","35–",145
"339",2004,"Male","Māori","35–",1221
"340",2004,"Female","Māori","35–",1039
"341",2004,"Male","Other","35–",3489
"342",2004,"Female","Other","35–",3486
"343",2004,"Male","Pacific","35–",225
"344",2004,"Female","Pacific","35–",174
"345",2004,"Male","Asian","40–",76
"346",2004,"Female","Asian","40–",137
"347",2004,"Male","Māori","40–",1057
"348",2004,"Female","Māori","40–",961
"349",2004,"Male","Other","40–",3384
"350",2004,"Female","Other","40–",3473
"351",2004,"Male","Pacific","40–",211
"352",2004,"Female","Pacific","40–",167
"353",2004,"Male","Asian","40–",86
"354",2004,"Female","Asian","40–",142
"355",2004,"Male","Māori","40–",826
"356",2004,"Female","Māori","40–",779
"357",2004,"Male","Other","40–",3274
"358",2004,"Female","Other","40–",3210
"359",2004,"Male","Pacific","40–",141
"360",2004,"Female","Pacific","40–",141
"361",2004,"Male","Asian","50–",67
"362",2004,"Female","Asian","50–",95
"363",2004,"Male","Māori","50–",490
"364",2004,"Female","Māori","50–",536
"365",2004,"Male","Other","50–",2698
"366",2004,"Female","Other","50–",2461
"367",2004,"Male","Pacific","50–",96
"368",2004,"Female","Pacific","50–",84
"369",2004,"Male","Asian","60–",48
"370",2004,"Female","Asian","60–",73
"371",2004,"Male","Māori","60–",281
"372",2004,"Female","Māori","60–",314
"373",2004,"Male","Other","60–",1910
"374",2004,"Female","Other","60–",1897
"375",2004,"Male","Pacific","60–",69
"376",2004,"Female","Pacific","60–",67
"377",2004,"Male","Asian","60–",23
"378",2004,"Female","Asian","60–",55
"379",2004,"Male","Māori","60–",132
"380",2004,"Female","Māori","60–",164
"381",2004,"Male","Other","60–",1366
"382",2004,"Female","Other","60–",1557
"383",2004,"Male","Pacific","60–",39
"384",2004,"Female","Pacific","60–",57
"385",2004,"Male","Asian","65–",13
"386",2004,"Female","Asian","65–",18
"387",2004,"Male","Māori","65–",78
"388",2004,"Female","Māori","65–",133
"389",2004,"Male","Other","65–",911
"390",2004,"Female","Other","65–",1142
"391",2004,"Male","Pacific","65–",24
"392",2004,"Female","Pacific","65–",33
"393",2004,"Male","Asian","70–",17
"394",2004,"Female","Asian","70–",31
"395",2004,"Male","Māori","70–",59
"396",2004,"Female","Māori","70–",65
"397",2004,"Male","Other","70–",576
"398",2004,"Female","Other","70–",846
"399",2004,"Male","Pacific","70–",24
"400",2004,"Female","Pacific","70–",36
"401",2004,"Male","Asian","75–",22
"402",2004,"Female","Asian","75–",24
"403",2004,"Male","Māori","75–",39
"404",2004,"Female","Māori","75–",46
"405",2004,"Male","Other","75–",582
"406",2004,"Female","Other","75–",788
"407",2004,"Male","Pacific","75–",17
"408",2004,"Female","Pacific","75–",19
"409",2004,"Male","Asian","80–",8
"410",2004,"Female","Asian","80–",11
"411",2004,"Male","Māori","80–",29
"412",2004,"Female","Māori","80–",43
"413",2004,"Male","Other","80–",635
"414",2004,"Female","Other","80–",952
"415",2004,"Male","Pacific","80–",14
"416",2004,"Female","Pacific","80–",19
"417",2004,"Male","Asian","85+",7
"418",2004,"Female","Asian","85+",4
"419",2004,"Male","Māori","85+",14
"420",2004,"Female","Māori","85+",28
"421",2004,"Male","Other","85+",536
"422",2004,"Female","Other","85+",973
"423",2004,"Male","Pacific","85+",4
"424",2004,"Female","Pacific","85+",8
"425",2004,"Male","Asian","85+",2
"426",2004,"Female","Asian","85+",6
"427",2004,"Male","Māori","85+",6
"428",2004,"Female","Māori","85+",19
"429",2004,"Male","Other","85+",436
"430",2004,"Female","Other","85+",1029
"431",2004,"Male","Pacific","85+",6
"432",2004,"Female","Pacific","85+",5
"433",2005,"Male","Asian","0–",13
"434",2005,"Female","Asian","0–",5
"435",2005,"Male","Māori","0–",68
"436",2005,"Female","Māori","0–",35
"437",2005,"Male","Other","0–",191
"438",2005,"Female","Other","0–",104
"439",2005,"Male","Pacific","0–",10
"440",2005,"Female","Pacific","0–",6
"441",2005,"Male","Asian","10–",36
"442",2005,"Female","Asian","10–",17
"443",2005,"Male","Māori","10–",462
"444",2005,"Female","Māori","10–",160
"445",2005,"Male","Other","10–",1813
"446",2005,"Female","Other","10–",736
"447",2005,"Male","Pacific","10–",76
"448",2005,"Female","Pacific","10–",25
"449",2005,"Male","Asian","15–",53
"450",2005,"Female","Asian","15–",45
"451",2005,"Male","Māori","15–",992
"452",2005,"Female","Māori","15–",580
"453",2005,"Male","Other","15–",2982
"454",2005,"Female","Other","15–",1854
"455",2005,"Male","Pacific","15–",87
"456",2005,"Female","Pacific","15–",74
"457",2005,"Male","Asian","20–",115
"458",2005,"Female","Asian","20–",146
"459",2005,"Male","Māori","20–",1144
"460",2005,"Female","Māori","20–",1034
"461",2005,"Male","Other","20–",3192
"462",2005,"Female","Other","20–",3733
"463",2005,"Male","Pacific","20–",249
"464",2005,"Female","Pacific","20–",210
"465",2005,"Male","Asian","25–",110
"466",2005,"Female","Asian","25–",176
"467",2005,"Male","Māori","25–",1104
"468",2005,"Female","Māori","25–",773
"469",2005,"Male","Other","25–",2648
"470",2005,"Female","Other","25–",2354
"471",2005,"Male","Pacific","25–",287
"472",2005,"Female","Pacific","25–",171
"473",2005,"Male","Asian","30–",126
"474",2005,"Female","Asian","30–",129
"475",2005,"Male","Māori","30–",1097
"476",2005,"Female","Māori","30–",804
"477",2005,"Male","Other","30–",2646
"478",2005,"Female","Other","30–",2418
"479",2005,"Male","Pacific","30–",282
"480",2005,"Female","Pacific","30–",149
"481",2005,"Male","Asian","35–",85
"482",2005,"Female","Asian","35–",144
"483",2005,"Male","Māori","35–",1174
"484",2005,"Female","Māori","35–",1022
"485",2005,"Male","Other","35–",3418
"486",2005,"Female","Other","35–",3343
"487",2005,"Male","Pacific","35–",253
"488",2005,"Female","Pacific","35–",172
"489",2005,"Male","Asian","40–",92
"490",2005,"Female","Asian","40–",152
"491",2005,"Male","Māori","40–",1097
"492",2005,"Female","Māori","40–",991
"493",2005,"Male","Other","40–",3478
"494",2005,"Female","Other","40–",3389
"495",2005,"Male","Pacific","40–",266
"496",2005,"Female","Pacific","40–",174
"497",2005,"Male","Asian","40–",90
"498",2005,"Female","Asian","40–",140
"499",2005,"Male","Māori","40–",889
"500",2005,"Female","Māori","40–",787
"501",2005,"Male","Other","40–",3249
"502",2005,"Female","Other","40–",3390
"503",2005,"Male","Pacific","40–",156
"504",2005,"Female","Pacific","40–",137
"505",2005,"Male","Asian","50–",75
"506",2005,"Female","Asian","50–",112
"507",2005,"Male","Māori","50–",532
"508",2005,"Female","Māori","50–",515
"509",2005,"Male","Other","50–",2802
"510",2005,"Female","Other","50–",2572
"511",2005,"Male","Pacific","50–",118
"512",2005,"Female","Pacific","50–",90
"513",2005,"Male","Asian","60–",59
"514",2005,"Female","Asian","60–",82
"515",2005,"Male","Māori","60–",313
"516",2005,"Female","Māori","60–",329
"517",2005,"Male","Other","60–",2041
"518",2005,"Female","Other","60–",1968
"519",2005,"Male","Pacific","60–",67
"520",2005,"Female","Pacific","60–",63
"521",2005,"Male","Asian","60–",30
"522",2005,"Female","Asian","60–",51
"523",2005,"Male","Māori","60–",152
"524",2005,"Female","Māori","60–",190
"525",2005,"Male","Other","60–",1460
"526",2005,"Female","Other","60–",1625
"527",2005,"Male","Pacific","60–",41
"528",2005,"Female","Pacific","60–",59
"529",2005,"Male","Asian","65–",19
"530",2005,"Female","Asian","65–",34
"531",2005,"Male","Māori","65–",73
"532",2005,"Female","Māori","65–",118
"533",2005,"Male","Other","65–",988
"534",2005,"Female","Other","65–",1162
"535",2005,"Male","Pacific","65–",24
"536",2005,"Female","Pacific","65–",30
"537",2005,"Male","Asian","70–",16
"538",2005,"Female","Asian","70–",21
"539",2005,"Male","Māori","70–",66
"540",2005,"Female","Māori","70–",76
"541",2005,"Male","Other","70–",631
"542",2005,"Female","Other","70–",866
"543",2005,"Male","Pacific","70–",19
"544",2005,"Female","Pacific","70–",31
"545",2005,"Male","Asian","75–",16
"546",2005,"Female","Asian","75–",23
"547",2005,"Male","Māori","75–",36
"548",2005,"Female","Māori","75–",40
"549",2005,"Male","Other","75–",583
"550",2005,"Female","Other","75–",791
"551",2005,"Male","Pacific","75–",24
"552",2005,"Female","Pacific","75–",24
"553",2005,"Male","Asian","80–",10
"554",2005,"Female","Asian","80–",19
"555",2005,"Male","Māori","80–",20
"556",2005,"Female","Māori","80–",36
"557",2005,"Male","Other","80–",656
"558",2005,"Female","Other","80–",920
"559",2005,"Male","Pacific","80–",20
"560",2005,"Female","Pacific","80–",21
"561",2005,"Male","Asian","85+",5
"562",2005,"Female","Asian","85+",5
"563",2005,"Male","Māori","85+",12
"564",2005,"Female","Māori","85+",27
"565",2005,"Male","Other","85+",536
"566",2005,"Female","Other","85+",1014
"567",2005,"Male","Pacific","85+",6
"568",2005,"Female","Pacific","85+",10
"569",2005,"Male","Asian","85+",5
"570",2005,"Female","Asian","85+",8
"571",2005,"Male","Māori","85+",3
"572",2005,"Female","Māori","85+",16
"573",2005,"Male","Other","85+",428
"574",2005,"Female","Other","85+",1018
"575",2005,"Male","Pacific","85+",1
"576",2005,"Female","Pacific","85+",11
"577",2006,"Male","Asian","0–",13
"578",2006,"Female","Asian","0–",8
"579",2006,"Male","Māori","0–",55
"580",2006,"Female","Māori","0–",31
"581",2006,"Male","Other","0–",171
"582",2006,"Female","Other","0–",71
"583",2006,"Male","Pacific","0–",10
"584",2006,"Female","Pacific","0–",6
"585",2006,"Male","Asian","5–",44
"586",2006,"Female","Asian","5–",19
"587",2006,"Male","Māori","5–",459
"588",2006,"Female","Māori","5–",132
"589",2006,"Male","Other","5–",1729
"590",2006,"Female","Other","5–",683
"591",2006,"Male","Pacific","5–",84
"592",2006,"Female","Pacific","5–",27
"593",2006,"Male","Asian","10–",68
"594",2006,"Female","Asian","10–",50
"595",2006,"Male","Māori","10–",986
"596",2006,"Female","Māori","10–",569
"597",2006,"Male","Other","10–",2991
"598",2006,"Female","Other","10–",1846
"599",2006,"Male","Pacific","10–",148
"600",2006,"Female","Pacific","10–",88
"601",2006,"Male","Asian","15–",132
"602",2006,"Female","Asian","15–",192
"603",2006,"Male","Māori","15–",1346
"604",2006,"Female","Māori","15–",1144
"605",2006,"Male","Other","15–",3448
"606",2006,"Female","Other","15–",3939
"607",2006,"Male","Pacific","15–",270
"608",2006,"Female","Pacific","15–",213
"609",2006,"Male","Asian","20–",138
"610",2006,"Female","Asian","20–",159
"611",2006,"Male","Māori","20–",1101
"612",2006,"Female","Māori","20–",804
"613",2006,"Male","Other","20–",2719
"614",2006,"Female","Other","20–",2339
"615",2006,"Male","Pacific","20–",364
"616",2006,"Female","Pacific","20–",173
"617",2006,"Male","Asian","25–",138
"618",2006,"Female","Asian","25–",136
"619",2006,"Male","Māori","25–",1202
"620",2006,"Female","Māori","25–",872
"621",2006,"Male","Other","25–",2691
"622",2006,"Female","Other","25–",2418
"623",2006,"Male","Pacific","25–",339
"624",2006,"Female","Pacific","25–",162
"625",2006,"Male","Asian","30–",106
"626",2006,"Female","Asian","30–",162
"627",2006,"Male","Māori","30–",1209
"628",2006,"Female","Māori","30–",1002
"629",2006,"Male","Other","30–",3341
"630",2006,"Female","Other","30–",3286
"631",2006,"Male","Pacific","30–",304
"632",2006,"Female","Pacific","30–",170
"633",2006,"Male","Asian","35–",95
"634",2006,"Female","Asian","35–",167
"635",2006,"Male","Māori","35–",1160
"636",2006,"Female","Māori","35–",1040
"637",2006,"Male","Other","35–",3557
"638",2006,"Female","Other","35–",3524
"639",2006,"Male","Pacific","35–",285
"640",2006,"Female","Pacific","35–",191
"641",2006,"Male","Asian","40–",76
"642",2006,"Female","Asian","40–",130
"643",2006,"Male","Māori","40–",964
"644",2006,"Female","Māori","40–",851
"645",2006,"Male","Other","40–",3303
"646",2006,"Female","Other","40–",3230
"647",2006,"Male","Pacific","40–",211
"648",2006,"Female","Pacific","40–",159
"649",2006,"Male","Asian","45–",87
"650",2006,"Female","Asian","45–",104
"651",2006,"Male","Māori","45–",616
"652",2006,"Female","Māori","45–",620
"653",2006,"Male","Other","45–",2956
"654",2006,"Female","Other","45–",2681
"655",2006,"Male","Pacific","45–",137
"656",2006,"Female","Pacific","45–",101
"657",2006,"Male","Asian","50–",55
"658",2006,"Female","Asian","50–",88
"659",2006,"Male","Māori","50–",359
"660",2006,"Female","Māori","50–",350
"661",2006,"Male","Other","50–",2092
"662",2006,"Female","Other","50–",2085
"663",2006,"Male","Pacific","50–",68
"664",2006,"Female","Pacific","50–",84
"665",2006,"Male","Asian","55–",34
"666",2006,"Female","Asian","55–",76
"667",2006,"Male","Māori","55–",159
"668",2006,"Female","Māori","55–",227
"669",2006,"Male","Other","55–",1485
"670",2006,"Female","Other","55–",1658
"671",2006,"Male","Pacific","55–",55
"672",2006,"Female","Pacific","55–",46
"673",2006,"Male","Asian","60–",18
"674",2006,"Female","Asian","60–",34
"675",2006,"Male","Māori","60–",92
"676",2006,"Female","Māori","60–",120
"677",2006,"Male","Other","60–",994
"678",2006,"Female","Other","60–",1197
"679",2006,"Male","Pacific","60–",29
"680",2006,"Female","Pacific","60–",34
"681",2006,"Male","Asian","65–",18
"682",2006,"Female","Asian","65–",33
"683",2006,"Male","Māori","65–",72
"684",2006,"Female","Māori","65–",91
"685",2006,"Male","Other","65–",691
"686",2006,"Female","Other","65–",881
"687",2006,"Male","Pacific","65–",23
"688",2006,"Female","Pacific","65–",30
"689",2006,"Male","Asian","70–",20
"690",2006,"Female","Asian","70–",31
"691",2006,"Male","Māori","70–",39
"692",2006,"Female","Māori","70–",53
"693",2006,"Male","Other","70–",624
"694",2006,"Female","Other","70–",734
"695",2006,"Male","Pacific","70–",16
"696",2006,"Female","Pacific","70–",27
"697",2006,"Male","Asian","75–",13
"698",2006,"Female","Asian","75–",23
"699",2006,"Male","Māori","75–",28
"700",2006,"Female","Māori","75–",32
"701",2006,"Male","Other","75–",625
"702",2006,"Female","Other","75–",889
"703",2006,"Male","Pacific","75–",21
"704",2006,"Female","Pacific","75–",21
"705",2006,"Male","Asian","80–",5
"706",2006,"Female","Asian","80–",8
"707",2006,"Male","Māori","80–",19
"708",2006,"Female","Māori","80–",38
"709",2006,"Male","Other","80–",509
"710",2006,"Female","Other","80–",924
"711",2006,"Male","Pacific","80–",13
"712",2006,"Female","Pacific","80–",10
"713",2006,"Male","Asian","85+",3
"714",2006,"Female","Asian","85+",11
"715",2006,"Male","Māori","85+",8
"716",2006,"Female","Māori","85+",12
"717",2006,"Male","Other","85+",475
"718",2006,"Female","Other","85+",991
"719",2006,"Male","Pacific","85+",2
"720",2006,"Female","Pacific","85+",7
"721",2007,"Male","Asian","0–",7
"722",2007,"Female","Asian","0–",9
"723",2007,"Male","Māori","0–",56
"724",2007,"Female","Māori","0–",29
"725",2007,"Male","Other","0–",146
"726",2007,"Female","Other","0–",80
"727",2007,"Male","Pacific","0–",17
"728",2007,"Female","Pacific","0–",16
"729",2007,"Male","Asian","5–",57
"730",2007,"Female","Asian","5–",21
"731",2007,"Male","Māori","5–",512
"732",2007,"Female","Māori","5–",173
"733",2007,"Male","Other","5–",1693
"734",2007,"Female","Other","5–",693
"735",2007,"Male","Pacific","5–",100
"736",2007,"Female","Pacific","5–",19
"737",2007,"Male","Asian","10–",77
"738",2007,"Female","Asian","10–",63
"739",2007,"Male","Māori","10–",997
"740",2007,"Female","Māori","10–",615
"741",2007,"Male","Other","10–",2927
"742",2007,"Female","Other","10–",1858
"743",2007,"Male","Pacific","10–",169
"744",2007,"Female","Pacific","10–",117
"745",2007,"Male","Asian","15–",155
"746",2007,"Female","Asian","15–",180
"747",2007,"Male","Māori","15–",1497
"748",2007,"Female","Māori","15–",1302
"749",2007,"Male","Other","15–",3599
"750",2007,"Female","Other","15–",4201
"751",2007,"Male","Pacific","15–",379
"752",2007,"Female","Pacific","15–",261
"753",2007,"Male","Asian","20–",147
"754",2007,"Female","Asian","20–",170
"755",2007,"Male","Māori","20–",1231
"756",2007,"Female","Māori","20–",923
"757",2007,"Male","Other","20–",2911
"758",2007,"Female","Other","20–",2627
"759",2007,"Male","Pacific","20–",393
"760",2007,"Female","Pacific","20–",194
"761",2007,"Male","Asian","25–",151
"762",2007,"Female","Asian","25–",143
"763",2007,"Male","Māori","25–",1258
"764",2007,"Female","Māori","25–",915
"765",2007,"Male","Other","25–",2731
"766",2007,"Female","Other","25–",2536
"767",2007,"Male","Pacific","25–",357
"768",2007,"Female","Pacific","25–",202
"769",2007,"Male","Asian","30–",104
"770",2007,"Female","Asian","30–",153
"771",2007,"Male","Māori","30–",1244
"772",2007,"Female","Māori","30–",984
"773",2007,"Male","Other","30–",3302
"774",2007,"Female","Other","30–",3191
"775",2007,"Male","Pacific","30–",350
"776",2007,"Female","Pacific","30–",191
"777",2007,"Male","Asian","35–",107
"778",2007,"Female","Asian","35–",170
"779",2007,"Male","Māori","35–",1303
"780",2007,"Female","Māori","35–",1070
"781",2007,"Male","Other","35–",3716
"782",2007,"Female","Other","35–",3545
"783",2007,"Male","Pacific","35–",312
"784",2007,"Female","Pacific","35–",218
"785",2007,"Male","Asian","40–",88
"786",2007,"Female","Asian","40–",140
"787",2007,"Male","Māori","40–",1044
"788",2007,"Female","Māori","40–",869
"789",2007,"Male","Other","40–",3463
"790",2007,"Female","Other","40–",3212
"791",2007,"Male","Pacific","40–",232
"792",2007,"Female","Pacific","40–",171
"793",2007,"Male","Asian","45–",97
"794",2007,"Female","Asian","45–",116
"795",2007,"Male","Māori","45–",691
"796",2007,"Female","Māori","45–",659
"797",2007,"Male","Other","45–",3122
"798",2007,"Female","Other","45–",2881
"799",2007,"Male","Pacific","45–",163
"800",2007,"Female","Pacific","45–",127
"801",2007,"Male","Asian","50–",71
"802",2007,"Female","Asian","50–",106
"803",2007,"Male","Māori","50–",417
"804",2007,"Female","Māori","50–",403
"805",2007,"Male","Other","50–",2213
"806",2007,"Female","Other","50–",2134
"807",2007,"Male","Pacific","50–",92
"808",2007,"Female","Pacific","50–",76
"809",2007,"Male","Asian","55–",50
"810",2007,"Female","Asian","55–",81
"811",2007,"Male","Māori","55–",209
"812",2007,"Female","Māori","55–",213
"813",2007,"Male","Other","55–",1574
"814",2007,"Female","Other","55–",1633
"815",2007,"Male","Pacific","55–",69
"816",2007,"Female","Pacific","55–",53
"817",2007,"Male","Asian","60–",18
"818",2007,"Female","Asian","60–",35
"819",2007,"Male","Māori","60–",106
"820",2007,"Female","Māori","60–",139
"821",2007,"Male","Other","60–",1070
"822",2007,"Female","Other","60–",1288
"823",2007,"Male","Pacific","60–",38
"824",2007,"Female","Pacific","60–",47
"825",2007,"Male","Asian","65–",22
"826",2007,"Female","Asian","65–",38
"827",2007,"Male","Māori","65–",74
"828",2007,"Female","Māori","65–",97
"829",2007,"Male","Other","65–",742
"830",2007,"Female","Other","65–",958
"831",2007,"Male","Pacific","65–",31
"832",2007,"Female","Pacific","65–",38
"833",2007,"Male","Asian","70–",28
"834",2007,"Female","Asian","70–",29
"835",2007,"Male","Māori","70–",44
"836",2007,"Female","Māori","70–",63
"837",2007,"Male","Other","70–",582
"838",2007,"Female","Other","70–",775
"839",2007,"Male","Pacific","70–",20
"840",2007,"Female","Pacific","70–",30
"841",2007,"Male","Asian","75–",12
"842",2007,"Female","Asian","75–",16
"843",2007,"Male","Māori","75–",29
"844",2007,"Female","Māori","75–",39
"845",2007,"Male","Other","75–",647
"846",2007,"Female","Other","75–",901
"847",2007,"Male","Pacific","75–",15
"848",2007,"Female","Pacific","75–",17
"849",2007,"Male","Asian","80–",5
"850",2007,"Female","Asian","80–",11
"851",2007,"Male","Māori","80–",16
"852",2007,"Female","Māori","80–",30
"853",2007,"Male","Other","80–",576
"854",2007,"Female","Other","80–",1003
"855",2007,"Male","Pacific","80–",18
"856",2007,"Female","Pacific","80–",10
"857",2007,"Male","Asian","85+",2
"858",2007,"Female","Asian","85+",7
"859",2007,"Male","Māori","85+",11
"860",2007,"Female","Māori","85+",17
"861",2007,"Male","Other","85+",517
"862",2007,"Female","Other","85+",1099
"863",2007,"Male","Pacific","85+",3
"864",2007,"Female","Pacific","85+",13
"865",2008,"Male","Asian","0–",6
"866",2008,"Female","Asian","0–",4
"867",2008,"Male","Māori","0–",54
"868",2008,"Female","Māori","0–",26
"869",2008,"Male","Other","0–",181
"870",2008,"Female","Other","0–",78
"871",2008,"Male","Pacific","0–",14
"872",2008,"Female","Pacific","0–",11
"873",2008,"Male","Asian","5–",65
"874",2008,"Female","Asian","5–",23
"875",2008,"Male","Māori","5–",589
"876",2008,"Female","Māori","5–",191
"877",2008,"Male","Other","5–",1747
"878",2008,"Female","Other","5–",744
"879",2008,"Male","Pacific","5–",96
"880",2008,"Female","Pacific","5–",25
"881",2008,"Male","Asian","10–",81
"882",2008,"Female","Asian","10–",51
"883",2008,"Male","Māori","10–",1051
"884",2008,"Female","Māori","10–",613
"885",2008,"Male","Other","10–",3107
"886",2008,"Female","Other","10–",1946
"887",2008,"Male","Pacific","10–",201
"888",2008,"Female","Pacific","10–",143
"889",2008,"Male","Asian","15–",175
"890",2008,"Female","Asian","15–",192
"891",2008,"Male","Māori","15–",1697
"892",2008,"Female","Māori","15–",1375
"893",2008,"Male","Other","15–",3635
"894",2008,"Female","Other","15–",4365
"895",2008,"Male","Pacific","15–",398
"896",2008,"Female","Pacific","15–",299
"897",2008,"Male","Asian","20–",179
"898",2008,"Female","Asian","20–",215
"899",2008,"Male","Māori","20–",1442
"900",2008,"Female","Māori","20–",981
"901",2008,"Male","Other","20–",2989
"902",2008,"Female","Other","20–",2765
"903",2008,"Male","Pacific","20–",423
"904",2008,"Female","Pacific","20–",204
"905",2008,"Male","Asian","25–",175
"906",2008,"Female","Asian","25–",159
"907",2008,"Male","Māori","25–",1344
"908",2008,"Female","Māori","25–",1006
"909",2008,"Male","Other","25–",2816
"910",2008,"Female","Other","25–",2676
"911",2008,"Male","Pacific","25–",402
"912",2008,"Female","Pacific","25–",205
"913",2008,"Male","Asian","30–",121
"914",2008,"Female","Asian","30–",180
"915",2008,"Male","Māori","30–",1269
"916",2008,"Female","Māori","30–",967
"917",2008,"Male","Other","30–",3206
"918",2008,"Female","Other","30–",3112
"919",2008,"Male","Pacific","30–",379
"920",2008,"Female","Pacific","30–",200
"921",2008,"Male","Asian","35–",116
"922",2008,"Female","Asian","35–",165
"923",2008,"Male","Māori","35–",1349
"924",2008,"Female","Māori","35–",1079
"925",2008,"Male","Other","35–",3712
"926",2008,"Female","Other","35–",3648
"927",2008,"Male","Pacific","35–",335
"928",2008,"Female","Pacific","35–",212
"929",2008,"Male","Asian","40–",117
"930",2008,"Female","Asian","40–",148
"931",2008,"Male","Māori","40–",1134
"932",2008,"Female","Māori","40–",921
"933",2008,"Male","Other","40–",3572
"934",2008,"Female","Other","40–",3215
"935",2008,"Male","Pacific","40–",286
"936",2008,"Female","Pacific","40–",192
"937",2008,"Male","Asian","45–",114
"938",2008,"Female","Asian","45–",139
"939",2008,"Male","Māori","45–",800
"940",2008,"Female","Māori","45–",721
"941",2008,"Male","Other","45–",3172
"942",2008,"Female","Other","45–",2939
"943",2008,"Male","Pacific","45–",171
"944",2008,"Female","Pacific","45–",135
"945",2008,"Male","Asian","50–",84
"946",2008,"Female","Asian","50–",106
"947",2008,"Male","Māori","50–",454
"948",2008,"Female","Māori","50–",453
"949",2008,"Male","Other","50–",2427
"950",2008,"Female","Other","50–",2217
"951",2008,"Male","Pacific","50–",99
"952",2008,"Female","Pacific","50–",84
"953",2008,"Male","Asian","55–",58
"954",2008,"Female","Asian","55–",70
"955",2008,"Male","Māori","55–",247
"956",2008,"Female","Māori","55–",259
"957",2008,"Male","Other","55–",1599
"958",2008,"Female","Other","55–",1712
"959",2008,"Male","Pacific","55–",68
"960",2008,"Female","Pacific","55–",59
"961",2008,"Male","Asian","60–",19
"962",2008,"Female","Asian","60–",41
"963",2008,"Male","Māori","60–",105
"964",2008,"Female","Māori","60–",140
"965",2008,"Male","Other","60–",1194
"966",2008,"Female","Other","60–",1291
"967",2008,"Male","Pacific","60–",44
"968",2008,"Female","Pacific","60–",37
"969",2008,"Male","Asian","65–",27
"970",2008,"Female","Asian","65–",31
"971",2008,"Male","Māori","65–",79
"972",2008,"Female","Māori","65–",103
"973",2008,"Male","Other","65–",755
"974",2008,"Female","Other","65–",998
"975",2008,"Male","Pacific","65–",34
"976",2008,"Female","Pacific","65–",42
"977",2008,"Male","Asian","70–",27
"978",2008,"Female","Asian","70–",42
"979",2008,"Male","Māori","70–",63
"980",2008,"Female","Māori","70–",68
"981",2008,"Male","Other","70–",590
"982",2008,"Female","Other","70–",791
"983",2008,"Male","Pacific","70–",26
"984",2008,"Female","Pacific","70–",40
"985",2008,"Male","Asian","75–",20
"986",2008,"Female","Asian","75–",26
"987",2008,"Male","Māori","75–",30
"988",2008,"Female","Māori","75–",55
"989",2008,"Male","Other","75–",656
"990",2008,"Female","Other","75–",846
"991",2008,"Male","Pacific","75–",8
"992",2008,"Female","Pacific","75–",20
"993",2008,"Male","Asian","80–",12
"994",2008,"Female","Asian","80–",10
"995",2008,"Male","Māori","80–",20
"996",2008,"Female","Māori","80–",27
"997",2008,"Male","Other","80–",601
"998",2008,"Female","Other","80–",970
"999",2008,"Male","Pacific","80–",13
"1000",2008,"Female","Pacific","80–",15
"1001",2008,"Male","Asian","85+",7
"1002",2008,"Female","Asian","85+",8
"1003",2008,"Male","Māori","85+",10
"1004",2008,"Female","Māori","85+",22
"1005",2008,"Male","Other","85+",520
"1006",2008,"Female","Other","85+",1090
"1007",2008,"Male","Pacific","85+",5
"1008",2008,"Female","Pacific","85+",11
"1009",2010,"Male","Māori","0–",145
"1010",2010,"Male","Māori","10–",880
"1011",2010,"Male","Māori","15–",1604
"1012",2010,"Male","Māori","20–",2348
"1013",2010,"Male","Māori","25–",2057
"1014",2010,"Male","Māori","30–",1773
"1015",2010,"Male","Māori","35–",1620
"1016",2010,"Male","Māori","40–",1608
"1017",2010,"Male","Māori","40–",1401
"1018",2010,"Male","Māori","50–",1060
"1019",2010,"Male","Māori","60–",573
"1020",2010,"Male","Māori","60–",305
"1021",2010,"Male","Māori","65–",140
"1022",2010,"Male","Māori","70–",91
"1023",2010,"Male","Māori","75–",75
"1024",2010,"Male","Māori","80–",53
"1025",2010,"Male","Māori","85+",30
"1026",2010,"Male","Māori","85+",15
"1027",2010,"Female","Māori","0–",65
"1028",2010,"Female","Māori","10–",260
"1029",2010,"Female","Māori","15–",1053
"1030",2010,"Female","Māori","20–",1624
"1031",2010,"Female","Māori","25–",1336
"1032",2010,"Female","Māori","30–",1170
"1033",2010,"Female","Māori","35–",1152
"1034",2010,"Female","Māori","40–",1233
"1035",2010,"Female","Māori","40–",1086
"1036",2010,"Female","Māori","50–",851
"1037",2010,"Female","Māori","60–",538
"1038",2010,"Female","Māori","60–",318
"1039",2010,"Female","Māori","65–",174
"1040",2010,"Female","Māori","70–",117
"1041",2010,"Female","Māori","75–",72
"1042",2010,"Female","Māori","80–",60
"1043",2010,"Female","Māori","85+",41
"1044",2010,"Female","Māori","85+",21
"1045",2010,"Male","Unknown","0–",419
"1046",2010,"Male","Unknown","10–",2639
"1047",2010,"Male","Unknown","15–",3991
"1048",2010,"Male","Unknown","20–",5371
"1049",2010,"Male","Unknown","25–",4757
"1050",2010,"Male","Unknown","30–",3993
"1051",2010,"Male","Unknown","35–",4045
"1052",2010,"Male","Unknown","40–",4741
"1053",2010,"Male","Unknown","40–",4307
"1054",2010,"Male","Unknown","50–",3920
"1055",2010,"Male","Unknown","60–",3074
"1056",2010,"Male","Unknown","60–",2043
"1057",2010,"Male","Unknown","65–",1453
"1058",2010,"Male","Unknown","70–",1023
"1059",2010,"Male","Unknown","75–",864
"1060",2010,"Male","Unknown","80–",933
"1061",2010,"Male","Unknown","85+",940
"1062",2010,"Male","Unknown","85+",724
"1063",2010,"Female","Unknown","0–",419
"1064",2010,"Female","Unknown","10–",2639
"1065",2010,"Female","Unknown","15–",3991
"1066",2010,"Female","Unknown","20–",5371
"1067",2010,"Female","Unknown","25–",4757
"1068",2010,"Female","Unknown","30–",3993
"1069",2010,"Female","Unknown","35–",4045
"1070",2010,"Female","Unknown","40–",4741
"1071",2010,"Female","Unknown","40–",4307
"1072",2010,"Female","Unknown","50–",3920
"1073",2010,"Female","Unknown","60–",3074
"1074",2010,"Female","Unknown","60–",2043
"1075",2010,"Female","Unknown","65–",1453
"1076",2010,"Female","Unknown","70–",1023
"1077",2010,"Female","Unknown","75–",864
"1078",2010,"Female","Unknown","80–",933
"1079",2010,"Female","Unknown","85+",940
"1080",2010,"Female","Unknown","85+",724
"1081",2011,"Male","Māori","0–",192
"1082",2011,"Female","Māori","0–",79
"1083",2011,"Male","Māori","5–",992
"1084",2011,"Female","Māori","5–",355
"1085",2011,"Male","Māori","10–",2063
"1086",2011,"Female","Māori","10–",1487
"1087",2011,"Male","Māori","15–",2903
"1088",2011,"Female","Māori","15–",2043
"1089",2011,"Male","Māori","20–",2534
"1090",2011,"Female","Māori","20–",1760
"1091",2011,"Male","Māori","25–",2177
"1092",2011,"Female","Māori","25–",1402
"1093",2011,"Male","Māori","30–",1895
"1094",2011,"Female","Māori","30–",1347
"1095",2011,"Male","Māori","35–",1913
"1096",2011,"Female","Māori","35–",1432
"1097",2011,"Male","Māori","40–",1685
"1098",2011,"Female","Māori","40–",1258
"1099",2011,"Male","Māori","45–",1239
"1100",2011,"Female","Māori","45–",1080
"1101",2011,"Male","Māori","50–",746
"1102",2011,"Female","Māori","50–",642
"1103",2011,"Male","Māori","55–",383
"1104",2011,"Female","Māori","55–",357
"1105",2011,"Male","Māori","60–",183
"1106",2011,"Female","Māori","60–",215
"1107",2011,"Male","Māori","65–",116
"1108",2011,"Female","Māori","65–",138
"1109",2011,"Male","Māori","70–",78
"1110",2011,"Female","Māori","70–",83
"1111",2011,"Male","Māori","75–",56
"1112",2011,"Female","Māori","75–",61
"1113",2011,"Male","Māori","80–",36
"1114",2011,"Female","Māori","80–",46
"1115",2011,"Male","Māori","85+",19
"1116",2011,"Female","Māori","85+",21
"1117",2011,"Male","Pacific","0–",30
"1118",2011,"Female","Pacific","0–",14
"1119",2011,"Male","Pacific","5–",148
"1120",2011,"Female","Pacific","5–",53
"1121",2011,"Male","Pacific","10–",364
"1122",2011,"Female","Pacific","10–",232
"1123",2011,"Male","Pacific","15–",740
"1124",2011,"Female","Pacific","15–",500
"1125",2011,"Male","Pacific","20–",782
"1126",2011,"Female","Pacific","20–",317
"1127",2011,"Male","Pacific","25–",633
"1128",2011,"Female","Pacific","25–",281
"1129",2011,"Male","Pacific","30–",565
"1130",2011,"Female","Pacific","30–",260
"1131",2011,"Male","Pacific","35–",469
"1132",2011,"Female","Pacific","35–",262
"1133",2011,"Male","Pacific","40–",423
"1134",2011,"Female","Pacific","40–",243
"1135",2011,"Male","Pacific","45–",294
"1136",2011,"Female","Pacific","45–",190
"1137",2011,"Male","Pacific","50–",177
"1138",2011,"Female","Pacific","50–",117
"1139",2011,"Male","Pacific","55–",110
"1140",2011,"Female","Pacific","55–",85
"1141",2011,"Male","Pacific","60–",75
"1142",2011,"Female","Pacific","60–",64
"1143",2011,"Male","Pacific","65–",44
"1144",2011,"Female","Pacific","65–",43
"1145",2011,"Male","Pacific","70–",35
"1146",2011,"Female","Pacific","70–",34
"1147",2011,"Male","Pacific","75–",22
"1148",2011,"Female","Pacific","75–",31
"1149",2011,"Male","Pacific","80–",14
"1150",2011,"Female","Pacific","80–",26
"1151",2011,"Male","Pacific","85+",5
"1152",2011,"Female","Pacific","85+",9
"1153",2011,"Male","Asian","0–",28
"1154",2011,"Female","Asian","0–",18
"1155",2011,"Male","Asian","5–",89
"1156",2011,"Female","Asian","5–",40
"1157",2011,"Male","Asian","10–",131
"1158",2011,"Female","Asian","10–",95
"1159",2011,"Male","Asian","15–",265
"1160",2011,"Female","Asian","15–",291
"1161",2011,"Male","Asian","20–",263
"1162",2011,"Female","Asian","20–",281
"1163",2011,"Male","Asian","25–",249
"1164",2011,"Female","Asian","25–",280
"1165",2011,"Male","Asian","30–",218
"1166",2011,"Female","Asian","30–",255
"1167",2011,"Male","Asian","35–",160
"1168",2011,"Female","Asian","35–",247
"1169",2011,"Male","Asian","40–",171
"1170",2011,"Female","Asian","40–",180
"1171",2011,"Male","Asian","45–",161
"1172",2011,"Female","Asian","45–",181
"1173",2011,"Male","Asian","50–",118
"1174",2011,"Female","Asian","50–",132
"1175",2011,"Male","Asian","55–",79
"1176",2011,"Female","Asian","55–",107
"1177",2011,"Male","Asian","60–",54
"1178",2011,"Female","Asian","60–",74
"1179",2011,"Male","Asian","65–",35
"1180",2011,"Female","Asian","65–",59
"1181",2011,"Male","Asian","70–",32
"1182",2011,"Female","Asian","70–",52
"1183",2011,"Male","Asian","75–",21
"1184",2011,"Female","Asian","75–",40
"1185",2011,"Male","Asian","80–",15
"1186",2011,"Female","Asian","80–",18
"1187",2011,"Male","Asian","85+",8
"1188",2011,"Female","Asian","85+",14
"1189",2011,"Male","Other","0–",430
"1190",2011,"Female","Other","0–",230
"1191",2011,"Male","Other","5–",2651
"1192",2011,"Female","Other","5–",1143
"1193",2011,"Male","Other","10–",3838
"1194",2011,"Female","Other","10–",2908
"1195",2011,"Male","Other","15–",5264
"1196",2011,"Female","Other","15–",5147
"1197",2011,"Male","Other","20–",4581
"1198",2011,"Female","Other","20–",3592
"1199",2011,"Male","Other","25–",3733
"1200",2011,"Female","Other","25–",3235
"1201",2011,"Male","Other","30–",3686
"1202",2011,"Female","Other","30–",3378
"1203",2011,"Male","Other","35–",4328
"1204",2011,"Female","Other","35–",3998
"1205",2011,"Male","Other","40–",4257
"1206",2011,"Female","Other","40–",3736
"1207",2011,"Male","Other","45–",3925
"1208",2011,"Female","Other","45–",3430
"1209",2011,"Male","Other","50–",3152
"1210",2011,"Female","Other","50–",2787
"1211",2011,"Male","Other","55–",2196
"1212",2011,"Female","Other","55–",2026
"1213",2011,"Male","Other","60–",1593
"1214",2011,"Female","Other","60–",1629
"1215",2011,"Male","Other","65–",1012
"1216",2011,"Female","Other","65–",1297
"1217",2011,"Male","Other","70–",846
"1218",2011,"Female","Other","70–",1166
"1219",2011,"Male","Other","75–",953
"1220",2011,"Female","Other","75–",1279
"1221",2011,"Male","Other","80–",905
"1222",2011,"Female","Other","80–",1405
"1223",2011,"Male","Other","85+",750
"1224",2011,"Female","Other","85+",1692
"1225",2012,"Male","Māori","0–",250
"1226",2012,"Female","Māori","0–",126
"1227",2012,"Male","Māori","5–",1159
"1228",2012,"Female","Māori","5–",423
"1229",2012,"Male","Māori","10–",2430
"1230",2012,"Female","Māori","10–",1752
"1231",2012,"Male","Māori","15–",3326
"1232",2012,"Female","Māori","15–",2368
"1233",2012,"Male","Māori","20–",3009
"1234",2012,"Female","Māori","20–",1972
"1235",2012,"Male","Māori","25–",2356
"1236",2012,"Female","Māori","25–",1617
"1237",2012,"Male","Māori","30–",2030
"1238",2012,"Female","Māori","30–",1455
"1239",2012,"Male","Māori","35–",1999
"1240",2012,"Female","Māori","35–",1509
"1241",2012,"Male","Māori","40–",1841
"1242",2012,"Female","Māori","40–",1364
"1243",2012,"Male","Māori","45–",1394
"1244",2012,"Female","Māori","45–",1181
"1245",2012,"Male","Māori","50–",902
"1246",2012,"Female","Māori","50–",745
"1247",2012,"Male","Māori","55–",472
"1248",2012,"Female","Māori","55–",430
"1249",2012,"Male","Māori","60–",218
"1250",2012,"Female","Māori","60–",254
"1251",2012,"Male","Māori","65–",110
"1252",2012,"Female","Māori","65–",148
"1253",2012,"Male","Māori","70–",102
"1254",2012,"Female","Māori","70–",109
"1255",2012,"Male","Māori","75–",47
"1256",2012,"Female","Māori","75–",81
"1257",2012,"Male","Māori","80–",41
"1258",2012,"Female","Māori","80–",58
"1259",2012,"Male","Māori","85+",14
"1260",2012,"Female","Māori","85+",29
"1261",2012,"Male","Pacific","0–",51
"1262",2012,"Female","Pacific","0–",19
"1263",2012,"Male","Pacific","5–",156
"1264",2012,"Female","Pacific","5–",61
"1265",2012,"Male","Pacific","10–",397
"1266",2012,"Female","Pacific","10–",318
"1267",2012,"Male","Pacific","15–",848
"1268",2012,"Female","Pacific","15–",487
"1269",2012,"Male","Pacific","20–",757
"1270",2012,"Female","Pacific","20–",339
"1271",2012,"Male","Pacific","25–",671
"1272",2012,"Female","Pacific","25–",306
"1273",2012,"Male","Pacific","30–",591
"1274",2012,"Female","Pacific","30–",290
"1275",2012,"Male","Pacific","35–",528
"1276",2012,"Female","Pacific","35–",284
"1277",2012,"Male","Pacific","40–",450
"1278",2012,"Female","Pacific","40–",245
"1279",2012,"Male","Pacific","45–",334
"1280",2012,"Female","Pacific","45–",189
"1281",2012,"Male","Pacific","50–",175
"1282",2012,"Female","Pacific","50–",129
"1283",2012,"Male","Pacific","55–",115
"1284",2012,"Female","Pacific","55–",96
"1285",2012,"Male","Pacific","60–",78
"1286",2012,"Female","Pacific","60–",68
"1287",2012,"Male","Pacific","65–",39
"1288",2012,"Female","Pacific","65–",40
"1289",2012,"Male","Pacific","70–",33
"1290",2012,"Female","Pacific","70–",48
"1291",2012,"Male","Pacific","75–",24
"1292",2012,"Female","Pacific","75–",30
"1293",2012,"Male","Pacific","80–",16
"1294",2012,"Female","Pacific","80–",24
"1295",2012,"Male","Pacific","85+",5
"1296",2012,"Female","Pacific","85+",8
"1297",2012,"Male","Asian","0–",37
"1298",2012,"Female","Asian","0–",20
"1299",2012,"Male","Asian","5–",112
"1300",2012,"Female","Asian","5–",43
"1301",2012,"Male","Asian","10–",159
"1302",2012,"Female","Asian","10–",142
"1303",2012,"Male","Asian","15–",255
"1304",2012,"Female","Asian","15–",321
"1305",2012,"Male","Asian","20–",284
"1306",2012,"Female","Asian","20–",297
"1307",2012,"Male","Asian","25–",317
"1308",2012,"Female","Asian","25–",311
"1309",2012,"Male","Asian","30–",267
"1310",2012,"Female","Asian","30–",268
"1311",2012,"Male","Asian","35–",197
"1312",2012,"Female","Asian","35–",262
"1313",2012,"Male","Asian","40–",174
"1314",2012,"Female","Asian","40–",204
"1315",2012,"Male","Asian","45–",159
"1316",2012,"Female","Asian","45–",203
"1317",2012,"Male","Asian","50–",136
"1318",2012,"Female","Asian","50–",146
"1319",2012,"Male","Asian","55–",90
"1320",2012,"Female","Asian","55–",116
"1321",2012,"Male","Asian","60–",67
"1322",2012,"Female","Asian","60–",83
"1323",2012,"Male","Asian","65–",45
"1324",2012,"Female","Asian","65–",47
"1325",2012,"Male","Asian","70–",29
"1326",2012,"Female","Asian","70–",51
"1327",2012,"Male","Asian","75–",29
"1328",2012,"Female","Asian","75–",39
"1329",2012,"Male","Asian","80–",15
"1330",2012,"Female","Asian","80–",34
"1331",2012,"Male","Asian","85+",13
"1332",2012,"Female","Asian","85+",18
"1333",2012,"Male","Other","0–",546
"1334",2012,"Female","Other","0–",308
"1335",2012,"Male","Other","5–",2922
"1336",2012,"Female","Other","5–",1252
"1337",2012,"Male","Other","10–",4039
"1338",2012,"Female","Other","10–",3205
"1339",2012,"Male","Other","15–",5633
"1340",2012,"Female","Other","15–",5642
"1341",2012,"Male","Other","20–",4956
"1342",2012,"Female","Other","20–",4036
"1343",2012,"Male","Other","25–",3941
"1344",2012,"Female","Other","25–",3332
"1345",2012,"Male","Other","30–",3811
"1346",2012,"Female","Other","30–",3611
"1347",2012,"Male","Other","35–",4243
"1348",2012,"Female","Other","35–",3790
"1349",2012,"Male","Other","40–",4421
"1350",2012,"Female","Other","40–",3850
"1351",2012,"Male","Other","45–",4104
"1352",2012,"Female","Other","45–",3479
"1353",2012,"Male","Other","50–",3346
"1354",2012,"Female","Other","50–",3013
"1355",2012,"Male","Other","55–",2375
"1356",2012,"Female","Other","55–",2188
"1357",2012,"Male","Other","60–",1723
"1358",2012,"Female","Other","60–",1740
"1359",2012,"Male","Other","65–",1155
"1360",2012,"Female","Other","65–",1353
"1361",2012,"Male","Other","70–",943
"1362",2012,"Female","Other","70–",1214
"1363",2012,"Male","Other","75–",926
"1364",2012,"Female","Other","75–",1306
"1365",2012,"Male","Other","80–",945
"1366",2012,"Female","Other","80–",1433
"1367",2012,"Male","Other","85+",877
"1368",2012,"Female","Other","85+",1754
"1369",2013,"Male","Māori","0–",304
"1370",2013,"Female","Māori","0–",136
"1371",2013,"Male","Māori","5–",1228
"1372",2013,"Female","Māori","5–",452
"1373",2013,"Male","Māori","10–",2472
"1374",2013,"Female","Māori","10–",2003
"1375",2013,"Male","Māori","15–",3369
"1376",2013,"Female","Māori","15–",2529
"1377",2013,"Male","Māori","20–",3111
"1378",2013,"Female","Māori","20–",2152
"1379",2013,"Male","Māori","25–",2497
"1380",2013,"Female","Māori","25–",1740
"1381",2013,"Male","Māori","30–",2155
"1382",2013,"Female","Māori","30–",1631
"1383",2013,"Male","Māori","35–",2027
"1384",2013,"Female","Māori","35–",1518
"1385",2013,"Male","Māori","40–",1930
"1386",2013,"Female","Māori","40–",1495
"1387",2013,"Male","Māori","45–",1504
"1388",2013,"Female","Māori","45–",1237
"1389",2013,"Male","Māori","50–",928
"1390",2013,"Female","Māori","50–",869
"1391",2013,"Male","Māori","55–",566
"1392",2013,"Female","Māori","55–",522
"1393",2013,"Male","Māori","60–",275
"1394",2013,"Female","Māori","60–",280
"1395",2013,"Male","Māori","65–",123
"1396",2013,"Female","Māori","65–",138
"1397",2013,"Male","Māori","70–",96
"1398",2013,"Female","Māori","70–",113
"1399",2013,"Male","Māori","75–",74
"1400",2013,"Female","Māori","75–",89
"1401",2013,"Male","Māori","80–",45
"1402",2013,"Female","Māori","80–",61
"1403",2013,"Male","Māori","85+",9
"1404",2013,"Female","Māori","85+",36
"1405",2013,"Male","Pacific","0–",47
"1406",2013,"Female","Pacific","0–",33
"1407",2013,"Male","Pacific","5–",182
"1408",2013,"Female","Pacific","5–",55
"1409",2013,"Male","Pacific","10–",386
"1410",2013,"Female","Pacific","10–",365
"1411",2013,"Male","Pacific","15–",828
"1412",2013,"Female","Pacific","15–",600
"1413",2013,"Male","Pacific","20–",760
"1414",2013,"Female","Pacific","20–",362
"1415",2013,"Male","Pacific","25–",674
"1416",2013,"Female","Pacific","25–",342
"1417",2013,"Male","Pacific","30–",606
"1418",2013,"Female","Pacific","30–",252
"1419",2013,"Male","Pacific","35–",507
"1420",2013,"Female","Pacific","35–",269
"1421",2013,"Male","Pacific","40–",457
"1422",2013,"Female","Pacific","40–",260
"1423",2013,"Male","Pacific","45–",341
"1424",2013,"Female","Pacific","45–",217
"1425",2013,"Male","Pacific","50–",211
"1426",2013,"Female","Pacific","50–",163
"1427",2013,"Male","Pacific","55–",123
"1428",2013,"Female","Pacific","55–",110
"1429",2013,"Male","Pacific","60–",86
"1430",2013,"Female","Pacific","60–",64
"1431",2013,"Male","Pacific","65–",50
"1432",2013,"Female","Pacific","65–",61
"1433",2013,"Male","Pacific","70–",44
"1434",2013,"Female","Pacific","70–",54
"1435",2013,"Male","Pacific","75–",28
"1436",2013,"Female","Pacific","75–",41
"1437",2013,"Male","Pacific","80–",17
"1438",2013,"Female","Pacific","80–",28
"1439",2013,"Male","Pacific","85+",5
"1440",2013,"Female","Pacific","85+",16
"1441",2013,"Male","Asian","0–",34
"1442",2013,"Female","Asian","0–",33
"1443",2013,"Male","Asian","5–",118
"1444",2013,"Female","Asian","5–",51
"1445",2013,"Male","Asian","10–",151
"1446",2013,"Female","Asian","10–",191
"1447",2013,"Male","Asian","15–",268
"1448",2013,"Female","Asian","15–",363
"1449",2013,"Male","Asian","20–",331
"1450",2013,"Female","Asian","20–",316
"1451",2013,"Male","Asian","25–",330
"1452",2013,"Female","Asian","25–",359
"1453",2013,"Male","Asian","30–",288
"1454",2013,"Female","Asian","30–",320
"1455",2013,"Male","Asian","35–",194
"1456",2013,"Female","Asian","35–",255
"1457",2013,"Male","Asian","40–",160
"1458",2013,"Female","Asian","40–",236
"1459",2013,"Male","Asian","45–",161
"1460",2013,"Female","Asian","45–",207
"1461",2013,"Male","Asian","50–",149
"1462",2013,"Female","Asian","50–",181
"1463",2013,"Male","Asian","55–",104
"1464",2013,"Female","Asian","55–",132
"1465",2013,"Male","Asian","60–",72
"1466",2013,"Female","Asian","60–",91
"1467",2013,"Male","Asian","65–",46
"1468",2013,"Female","Asian","65–",47
"1469",2013,"Male","Asian","70–",38
"1470",2013,"Female","Asian","70–",54
"1471",2013,"Male","Asian","75–",30
"1472",2013,"Female","Asian","75–",42
"1473",2013,"Male","Asian","80–",21
"1474",2013,"Female","Asian","80–",33
"1475",2013,"Male","Asian","85+",11
"1476",2013,"Female","Asian","85+",24
"1477",2013,"Male","Other","0–",536
"1478",2013,"Female","Other","0–",276
"1479",2013,"Male","Other","5–",2960
"1480",2013,"Female","Other","5–",1329
"1481",2013,"Male","Other","10–",4103
"1482",2013,"Female","Other","10–",3876
"1483",2013,"Male","Other","15–",5588
"1484",2013,"Female","Other","15–",6391
"1485",2013,"Male","Other","20–",5165
"1486",2013,"Female","Other","20–",4243
"1487",2013,"Male","Other","25–",4058
"1488",2013,"Female","Other","25–",3620
"1489",2013,"Male","Other","30–",3835
"1490",2013,"Female","Other","30–",3675
"1491",2013,"Male","Other","35–",4186
"1492",2013,"Female","Other","35–",3694
"1493",2013,"Male","Other","40–",4537
"1494",2013,"Female","Other","40–",4045
"1495",2013,"Male","Other","45–",4000
"1496",2013,"Female","Other","45–",3538
"1497",2013,"Male","Other","50–",3514
"1498",2013,"Female","Other","50–",3116
"1499",2013,"Male","Other","55–",2484
"1500",2013,"Female","Other","55–",2342
"1501",2013,"Male","Other","60–",1777
"1502",2013,"Female","Other","60–",1827
"1503",2013,"Male","Other","65–",1223
"1504",2013,"Female","Other","65–",1493
"1505",2013,"Male","Other","70–",1039
"1506",2013,"Female","Other","70–",1269
"1507",2013,"Male","Other","75–",951
"1508",2013,"Female","Other","75–",1273
"1509",2013,"Male","Other","80–",993
"1510",2013,"Female","Other","80–",1376
"1511",2013,"Male","Other","85+",954
"1512",2013,"Female","Other","85+",1657
"1513",2014,"Male","Māori","0–",284
"1514",2014,"Female","Māori","0–",136
"1515",2014,"Male","Māori","5–",1281
"1516",2014,"Female","Māori","5–",497
"1517",2014,"Male","Māori","10–",2494
"1518",2014,"Female","Māori","10–",2245
"1519",2014,"Male","Māori","15–",3338
"1520",2014,"Female","Māori","15–",2585
"1521",2014,"Male","Māori","20–",3106
"1522",2014,"Female","Māori","20–",2061
"1523",2014,"Male","Māori","25–",2534
"1524",2014,"Female","Māori","25–",1914
"1525",2014,"Male","Māori","30–",2170
"1526",2014,"Female","Māori","30–",1619
"1527",2014,"Male","Māori","35–",2011
"1528",2014,"Female","Māori","35–",1498
"1529",2014,"Male","Māori","40–",1961
"1530",2014,"Female","Māori","40–",1600
"1531",2014,"Male","Māori","45–",1537
"1532",2014,"Female","Māori","45–",1248
"1533",2014,"Male","Māori","50–",1072
"1534",2014,"Female","Māori","50–",1023
"1535",2014,"Male","Māori","55–",565
"1536",2014,"Female","Māori","55–",560
"1537",2014,"Male","Māori","60–",298
"1538",2014,"Female","Māori","60–",284
"1539",2014,"Male","Māori","65–",144
"1540",2014,"Female","Māori","65–",159
"1541",2014,"Male","Māori","70–",110
"1542",2014,"Female","Māori","70–",132
"1543",2014,"Male","Māori","75–",73
"1544",2014,"Female","Māori","75–",94
"1545",2014,"Male","Māori","80–",38
"1546",2014,"Female","Māori","80–",68
"1547",2014,"Male","Māori","85+",22
"1548",2014,"Female","Māori","85+",42
"1549",2014,"Male","Pacific","0–",58
"1550",2014,"Female","Pacific","0–",43
"1551",2014,"Male","Pacific","5–",217
"1552",2014,"Female","Pacific","5–",66
"1553",2014,"Male","Pacific","10–",435
"1554",2014,"Female","Pacific","10–",425
"1555",2014,"Male","Pacific","15–",823
"1556",2014,"Female","Pacific","15–",583
"1557",2014,"Male","Pacific","20–",784
"1558",2014,"Female","Pacific","20–",396
"1559",2014,"Male","Pacific","25–",701
"1560",2014,"Female","Pacific","25–",347
"1561",2014,"Male","Pacific","30–",586
"1562",2014,"Female","Pacific","30–",305
"1563",2014,"Male","Pacific","35–",485
"1564",2014,"Female","Pacific","35–",266
"1565",2014,"Male","Pacific","40–",443
"1566",2014,"Female","Pacific","40–",256
"1567",2014,"Male","Pacific","45–",336
"1568",2014,"Female","Pacific","45–",229
"1569",2014,"Male","Pacific","50–",220
"1570",2014,"Female","Pacific","50–",166
"1571",2014,"Male","Pacific","55–",130
"1572",2014,"Female","Pacific","55–",117
"1573",2014,"Male","Pacific","60–",81
"1574",2014,"Female","Pacific","60–",66
"1575",2014,"Male","Pacific","65–",60
"1576",2014,"Female","Pacific","65–",62
"1577",2014,"Male","Pacific","70–",36
"1578",2014,"Female","Pacific","70–",45
"1579",2014,"Male","Pacific","75–",44
"1580",2014,"Female","Pacific","75–",43
"1581",2014,"Male","Pacific","80–",17
"1582",2014,"Female","Pacific","80–",26
"1583",2014,"Male","Pacific","85+",7
"1584",2014,"Female","Pacific","85+",15
"1585",2014,"Male","Asian","0–",50
"1586",2014,"Female","Asian","0–",31
"1587",2014,"Male","Asian","5–",151
"1588",2014,"Female","Asian","5–",64
"1589",2014,"Male","Asian","10–",153
"1590",2014,"Female","Asian","10–",182
"1591",2014,"Male","Asian","15–",304
"1592",2014,"Female","Asian","15–",363
"1593",2014,"Male","Asian","20–",361
"1594",2014,"Female","Asian","20–",384
"1595",2014,"Male","Asian","25–",335
"1596",2014,"Female","Asian","25–",359
"1597",2014,"Male","Asian","30–",292
"1598",2014,"Female","Asian","30–",358
"1599",2014,"Male","Asian","35–",197
"1600",2014,"Female","Asian","35–",294
"1601",2014,"Male","Asian","40–",176
"1602",2014,"Female","Asian","40–",227
"1603",2014,"Male","Asian","45–",180
"1604",2014,"Female","Asian","45–",193
"1605",2014,"Male","Asian","50–",148
"1606",2014,"Female","Asian","50–",181
"1607",2014,"Male","Asian","55–",107
"1608",2014,"Female","Asian","55–",141
"1609",2014,"Male","Asian","60–",76
"1610",2014,"Female","Asian","60–",97
"1611",2014,"Male","Asian","65–",41
"1612",2014,"Female","Asian","65–",59
"1613",2014,"Male","Asian","70–",29
"1614",2014,"Female","Asian","70–",65
"1615",2014,"Male","Asian","75–",34
"1616",2014,"Female","Asian","75–",47
"1617",2014,"Male","Asian","80–",31
"1618",2014,"Female","Asian","80–",38
"1619",2014,"Male","Asian","85+",18
"1620",2014,"Female","Asian","85+",26
"1621",2014,"Male","Other","0–",528
"1622",2014,"Female","Other","0–",285
"1623",2014,"Male","Other","5–",3081
"1624",2014,"Female","Other","5–",1407
"1625",2014,"Male","Other","10–",4053
"1626",2014,"Female","Other","10–",4054
"1627",2014,"Male","Other","15–",5536
"1628",2014,"Female","Other","15–",6869
"1629",2014,"Male","Other","20–",5094
"1630",2014,"Female","Other","20–",4428
"1631",2014,"Male","Other","25–",4180
"1632",2014,"Female","Other","25–",3798
"1633",2014,"Male","Other","30–",3807
"1634",2014,"Female","Other","30–",3795
"1635",2014,"Male","Other","35–",3958
"1636",2014,"Female","Other","35–",3636
"1637",2014,"Male","Other","40–",4491
"1638",2014,"Female","Other","40–",3979
"1639",2014,"Male","Other","45–",4035
"1640",2014,"Female","Other","45–",3549
"1641",2014,"Male","Other","50–",3631
"1642",2014,"Female","Other","50–",3266
"1643",2014,"Male","Other","55–",2705
"1644",2014,"Female","Other","55–",2435
"1645",2014,"Male","Other","60–",1853
"1646",2014,"Female","Other","60–",1881
"1647",2014,"Male","Other","65–",1301
"1648",2014,"Female","Other","65–",1608
"1649",2014,"Male","Other","70–",1072
"1650",2014,"Female","Other","70–",1328
"1651",2014,"Male","Other","75–",940
"1652",2014,"Female","Other","75–",1284
"1653",2014,"Male","Other","80–",875
"1654",2014,"Female","Other","80–",1324
"1655",2014,"Male","Other","85+",943
"1656",2014,"Female","Other","85+",1635
"1657",2015,"Male","Māori","0–",277
"1658",2015,"Female","Māori","0–",140
"1659",2015,"Male","Māori","5–",1366
"1660",2015,"Female","Māori","5–",503
"1661",2015,"Male","Māori","10–",2545
"1662",2015,"Female","Māori","10–",2256
"1663",2015,"Male","Māori","15–",3446
"1664",2015,"Female","Māori","15–",2849
"1665",2015,"Male","Māori","20–",3082
"1666",2015,"Female","Māori","20–",2062
"1667",2015,"Male","Māori","25–",2561
"1668",2015,"Female","Māori","25–",2006
"1669",2015,"Male","Māori","30–",2225
"1670",2015,"Female","Māori","30–",1548
"1671",2015,"Male","Māori","35–",1902
"1672",2015,"Female","Māori","35–",1501
"1673",2015,"Male","Māori","40–",1948
"1674",2015,"Female","Māori","40–",1453
"1675",2015,"Male","Māori","45–",1544
"1676",2015,"Female","Māori","45–",1310
"1677",2015,"Male","Māori","50–",1083
"1678",2015,"Female","Māori","50–",1050
"1679",2015,"Male","Māori","55–",588
"1680",2015,"Female","Māori","55–",630
"1681",2015,"Male","Māori","60–",306
"1682",2015,"Female","Māori","60–",311
"1683",2015,"Male","Māori","65–",161
"1684",2015,"Female","Māori","65–",169
"1685",2015,"Male","Māori","70–",133
"1686",2015,"Female","Māori","70–",136
"1687",2015,"Male","Māori","75–",70
"1688",2015,"Female","Māori","75–",94
"1689",2015,"Male","Māori","80–",46
"1690",2015,"Female","Māori","80–",85
"1691",2015,"Male","Māori","85+",15
"1692",2015,"Female","Māori","85+",45
"1693",2015,"Male","Pacific","0–",67
"1694",2015,"Female","Pacific","0–",31
"1695",2015,"Male","Pacific","5–",231
"1696",2015,"Female","Pacific","5–",95
"1697",2015,"Male","Pacific","10–",491
"1698",2015,"Female","Pacific","10–",500
"1699",2015,"Male","Pacific","15–",941
"1700",2015,"Female","Pacific","15–",703
"1701",2015,"Male","Pacific","20–",786
"1702",2015,"Female","Pacific","20–",417
"1703",2015,"Male","Pacific","25–",685
"1704",2015,"Female","Pacific","25–",347
"1705",2015,"Male","Pacific","30–",614
"1706",2015,"Female","Pacific","30–",303
"1707",2015,"Male","Pacific","35–",506
"1708",2015,"Female","Pacific","35–",248
"1709",2015,"Male","Pacific","40–",397
"1710",2015,"Female","Pacific","40–",275
"1711",2015,"Male","Pacific","45–",377
"1712",2015,"Female","Pacific","45–",219
"1713",2015,"Male","Pacific","50–",219
"1714",2015,"Female","Pacific","50–",175
"1715",2015,"Male","Pacific","55–",159
"1716",2015,"Female","Pacific","55–",102
"1717",2015,"Male","Pacific","60–",88
"1718",2015,"Female","Pacific","60–",62
"1719",2015,"Male","Pacific","65–",56
"1720",2015,"Female","Pacific","65–",59
"1721",2015,"Male","Pacific","70–",48
"1722",2015,"Female","Pacific","70–",44
"1723",2015,"Male","Pacific","75–",29
"1724",2015,"Female","Pacific","75–",40
"1725",2015,"Male","Pacific","80–",25
"1726",2015,"Female","Pacific","80–",32
"1727",2015,"Male","Pacific","85+",12
"1728",2015,"Female","Pacific","85+",11
"1729",2015,"Male","Asian","0–",48
"1730",2015,"Female","Asian","0–",30
"1731",2015,"Male","Asian","5–",173
"1732",2015,"Female","Asian","5–",65
"1733",2015,"Male","Asian","10–",182
"1734",2015,"Female","Asian","10–",230
"1735",2015,"Male","Asian","15–",340
"1736",2015,"Female","Asian","15–",393
"1737",2015,"Male","Asian","20–",368
"1738",2015,"Female","Asian","20–",366
"1739",2015,"Male","Asian","25–",356
"1740",2015,"Female","Asian","25–",405
"1741",2015,"Male","Asian","30–",334
"1742",2015,"Female","Asian","30–",386
"1743",2015,"Male","Asian","35–",237
"1744",2015,"Female","Asian","35–",301
"1745",2015,"Male","Asian","40–",171
"1746",2015,"Female","Asian","40–",240
"1747",2015,"Male","Asian","45–",182
"1748",2015,"Female","Asian","45–",196
"1749",2015,"Male","Asian","50–",133
"1750",2015,"Female","Asian","50–",208
"1751",2015,"Male","Asian","55–",116
"1752",2015,"Female","Asian","55–",139
"1753",2015,"Male","Asian","60–",90
"1754",2015,"Female","Asian","60–",99
"1755",2015,"Male","Asian","65–",47
"1756",2015,"Female","Asian","65–",79
"1757",2015,"Male","Asian","70–",27
"1758",2015,"Female","Asian","70–",51
"1759",2015,"Male","Asian","75–",38
"1760",2015,"Female","Asian","75–",64
"1761",2015,"Male","Asian","80–",33
"1762",2015,"Female","Asian","80–",44
"1763",2015,"Male","Asian","85+",17
"1764",2015,"Female","Asian","85+",26
"1765",2015,"Male","Other","0–",582
"1766",2015,"Female","Other","0–",348
"1767",2015,"Male","Other","5–",3349
"1768",2015,"Female","Other","5–",1602
"1769",2015,"Male","Other","10–",4174
"1770",2015,"Female","Other","10–",4213
"1771",2015,"Male","Other","15–",5446
"1772",2015,"Female","Other","15–",6728
"1773",2015,"Male","Other","20–",5153
"1774",2015,"Female","Other","20–",4624
"1775",2015,"Male","Other","25–",4321
"1776",2015,"Female","Other","25–",4047
"1777",2015,"Male","Other","30–",3811
"1778",2015,"Female","Other","30–",3776
"1779",2015,"Male","Other","35–",3719
"1780",2015,"Female","Other","35–",3703
"1781",2015,"Male","Other","40–",4335
"1782",2015,"Female","Other","40–",3954
"1783",2015,"Male","Other","45–",3984
"1784",2015,"Female","Other","45–",3536
"1785",2015,"Male","Other","50–",3605
"1786",2015,"Female","Other","50–",3288
"1787",2015,"Male","Other","55–",2810
"1788",2015,"Female","Other","55–",2556
"1789",2015,"Male","Other","60–",1875
"1790",2015,"Female","Other","60–",1941
"1791",2015,"Male","Other","65–",1424
"1792",2015,"Female","Other","65–",1647
"1793",2015,"Male","Other","70–",1118
"1794",2015,"Female","Other","70–",1368
"1795",2015,"Male","Other","75–",1010
"1796",2015,"Female","Other","75–",1314
"1797",2015,"Male","Other","80–",826
"1798",2015,"Female","Other","80–",1311
"1799",2015,"Male","Other","85+",959
"1800",2015,"Female","Other","85+",1648
"1801",2016,"Male","Māori","0–",305
"1802",2016,"Female","Māori","0–",186
"1803",2016,"Male","Māori","5–",1621
"1804",2016,"Female","Māori","5–",556
"1805",2016,"Male","Māori","10–",2760
"1806",2016,"Female","Māori","10–",2476
"1807",2016,"Male","Māori","15–",3585
"1808",2016,"Female","Māori","15–",3286
"1809",2016,"Male","Māori","20–",3254
"1810",2016,"Female","Māori","20–",2406
"1811",2016,"Male","Māori","25–",2948
"1812",2016,"Female","Māori","25–",2248
"1813",2016,"Male","Māori","30–",2352
"1814",2016,"Female","Māori","30–",1773
"1815",2016,"Male","Māori","35–",2101
"1816",2016,"Female","Māori","35–",1624
"1817",2016,"Male","Māori","40–",2063
"1818",2016,"Female","Māori","40–",1557
"1819",2016,"Male","Māori","45–",1659
"1820",2016,"Female","Māori","45–",1389
"1821",2016,"Male","Māori","50–",1232
"1822",2016,"Female","Māori","50–",1114
"1823",2016,"Male","Māori","55–",697
"1824",2016,"Female","Māori","55–",700
"1825",2016,"Male","Māori","60–",366
"1826",2016,"Female","Māori","60–",386
"1827",2016,"Male","Māori","65–",178
"1828",2016,"Female","Māori","65–",231
"1829",2016,"Male","Māori","70–",130
"1830",2016,"Female","Māori","70–",146
"1831",2016,"Male","Māori","75–",102
"1832",2016,"Female","Māori","75–",97
"1833",2016,"Male","Māori","80–",48
"1834",2016,"Female","Māori","80–",90
"1835",2016,"Male","Māori","85+",20
"1836",2016,"Female","Māori","85+",40
"1837",2016,"Male","Pacific","0–",77
"1838",2016,"Female","Pacific","0–",49
"1839",2016,"Male","Pacific","5–",262
"1840",2016,"Female","Pacific","5–",129
"1841",2016,"Male","Pacific","10–",539
"1842",2016,"Female","Pacific","10–",506
"1843",2016,"Male","Pacific","15–",889
"1844",2016,"Female","Pacific","15–",807
"1845",2016,"Male","Pacific","20–",849
"1846",2016,"Female","Pacific","20–",393
"1847",2016,"Male","Pacific","25–",737
"1848",2016,"Female","Pacific","25–",394
"1849",2016,"Male","Pacific","30–",634
"1850",2016,"Female","Pacific","30–",289
"1851",2016,"Male","Pacific","35–",543
"1852",2016,"Female","Pacific","35–",258
"1853",2016,"Male","Pacific","40–",452
"1854",2016,"Female","Pacific","40–",258
"1855",2016,"Male","Pacific","45–",360
"1856",2016,"Female","Pacific","45–",252
"1857",2016,"Male","Pacific","50–",260
"1858",2016,"Female","Pacific","50–",187
"1859",2016,"Male","Pacific","55–",161
"1860",2016,"Female","Pacific","55–",119
"1861",2016,"Male","Pacific","60–",108
"1862",2016,"Female","Pacific","60–",74
"1863",2016,"Male","Pacific","65–",72
"1864",2016,"Female","Pacific","65–",56
"1865",2016,"Male","Pacific","70–",56
"1866",2016,"Female","Pacific","70–",38
"1867",2016,"Male","Pacific","75–",36
"1868",2016,"Female","Pacific","75–",47
"1869",2016,"Male","Pacific","80–",30
"1870",2016,"Female","Pacific","80–",23
"1871",2016,"Male","Pacific","85+",14
"1872",2016,"Female","Pacific","85+",22
"1873",2016,"Male","Asian","0–",69
"1874",2016,"Female","Asian","0–",55
"1875",2016,"Male","Asian","5–",189
"1876",2016,"Female","Asian","5–",91
"1877",2016,"Male","Asian","10–",244
"1878",2016,"Female","Asian","10–",255
"1879",2016,"Male","Asian","15–",377
"1880",2016,"Female","Asian","15–",535
"1881",2016,"Male","Asian","20–",442
"1882",2016,"Female","Asian","20–",409
"1883",2016,"Male","Asian","25–",405
"1884",2016,"Female","Asian","25–",471
"1885",2016,"Male","Asian","30–",386
"1886",2016,"Female","Asian","30–",475
"1887",2016,"Male","Asian","35–",272
"1888",2016,"Female","Asian","35–",335
"1889",2016,"Male","Asian","40–",195
"1890",2016,"Female","Asian","40–",249
"1891",2016,"Male","Asian","45–",185
"1892",2016,"Female","Asian","45–",203
"1893",2016,"Male","Asian","50–",143
"1894",2016,"Female","Asian","50–",197
"1895",2016,"Male","Asian","55–",112
"1896",2016,"Female","Asian","55–",132
"1897",2016,"Male","Asian","60–",88
"1898",2016,"Female","Asian","60–",119
"1899",2016,"Male","Asian","65–",63
"1900",2016,"Female","Asian","65–",83
"1901",2016,"Male","Asian","70–",40
"1902",2016,"Female","Asian","70–",69
"1903",2016,"Male","Asian","75–",41
"1904",2016,"Female","Asian","75–",57
"1905",2016,"Male","Asian","80–",35
"1906",2016,"Female","Asian","80–",38
"1907",2016,"Male","Asian","85+",26
"1908",2016,"Female","Asian","85+",37
"1909",2016,"Male","Other","0–",646
"1910",2016,"Female","Other","0–",414
"1911",2016,"Male","Other","5–",3716
"1912",2016,"Female","Other","5–",1698
"1913",2016,"Male","Other","10–",4400
"1914",2016,"Female","Other","10–",4418
"1915",2016,"Male","Other","15–",5640
"1916",2016,"Female","Other","15–",7303
"1917",2016,"Male","Other","20–",5422
"1918",2016,"Female","Other","20–",4839
"1919",2016,"Male","Other","25–",4666
"1920",2016,"Female","Other","25–",4432
"1921",2016,"Male","Other","30–",4104
"1922",2016,"Female","Other","30–",4191
"1923",2016,"Male","Other","35–",3820
"1924",2016,"Female","Other","35–",3769
"1925",2016,"Male","Other","40–",4264
"1926",2016,"Female","Other","40–",3863
"1927",2016,"Male","Other","45–",4116
"1928",2016,"Female","Other","45–",3574
"1929",2016,"Male","Other","50–",3635
"1930",2016,"Female","Other","50–",3318
"1931",2016,"Male","Other","55–",2882
"1932",2016,"Female","Other","55–",2628
"1933",2016,"Male","Other","60–",2009
"1934",2016,"Female","Other","60–",1980
"1935",2016,"Male","Other","65–",1472
"1936",2016,"Female","Other","65–",1697
"1937",2016,"Male","Other","70–",1062
"1938",2016,"Female","Other","70–",1361
"1939",2016,"Male","Other","75–",993
"1940",2016,"Female","Other","75–",1276
"1941",2016,"Male","Other","80–",861
"1942",2016,"Female","Other","80–",1220
"1943",2016,"Male","Other","85+",859
"1944",2016,"Female","Other","85+",1657
"1945",2017,"Male","Māori","0–",385
"1946",2017,"Female","Māori","0–",208
"1947",2017,"Male","Māori","5–",1914
"1948",2017,"Female","Māori","5–",658
"1949",2017,"Male","Māori","10–",2973
"1950",2017,"Female","Māori","10–",2605
"1951",2017,"Male","Māori","15–",3808
"1952",2017,"Female","Māori","15–",3515
"1953",2017,"Male","Māori","20–",3656
"1954",2017,"Female","Māori","20–",2629
"1955",2017,"Male","Māori","25–",3393
"1956",2017,"Female","Māori","25–",2659
"1957",2017,"Male","Māori","30–",2692
"1958",2017,"Female","Māori","30–",2093
"1959",2017,"Male","Māori","35–",2323
"1960",2017,"Female","Māori","35–",1771
"1961",2017,"Male","Māori","40–",2102
"1962",2017,"Female","Māori","40–",1633
"1963",2017,"Male","Māori","45–",1856
"1964",2017,"Female","Māori","45–",1498
"1965",2017,"Male","Māori","50–",1418
"1966",2017,"Female","Māori","50–",1199
"1967",2017,"Male","Māori","55–",818
"1968",2017,"Female","Māori","55–",783
"1969",2017,"Male","Māori","60–",423
"1970",2017,"Female","Māori","60–",464
"1971",2017,"Male","Māori","65–",194
"1972",2017,"Female","Māori","65–",261
"1973",2017,"Male","Māori","70–",136
"1974",2017,"Female","Māori","70–",144
"1975",2017,"Male","Māori","75–",104
"1976",2017,"Female","Māori","75–",120
"1977",2017,"Male","Māori","80–",42
"1978",2017,"Female","Māori","80–",79
"1979",2017,"Male","Māori","85+",28
"1980",2017,"Female","Māori","85+",46
"1981",2017,"Male","Pacific","0–",93
"1982",2017,"Female","Pacific","0–",48
"1983",2017,"Male","Pacific","5–",326
"1984",2017,"Female","Pacific","5–",133
"1985",2017,"Male","Pacific","10–",575
"1986",2017,"Female","Pacific","10–",547
"1987",2017,"Male","Pacific","15–",895
"1988",2017,"Female","Pacific","15–",750
"1989",2017,"Male","Pacific","20–",894
"1990",2017,"Female","Pacific","20–",435
"1991",2017,"Male","Pacific","25–",804
"1992",2017,"Female","Pacific","25–",426
"1993",2017,"Male","Pacific","30–",686
"1994",2017,"Female","Pacific","30–",336
"1995",2017,"Male","Pacific","35–",550
"1996",2017,"Female","Pacific","35–",290
"1997",2017,"Male","Pacific","40–",473
"1998",2017,"Female","Pacific","40–",287
"1999",2017,"Male","Pacific","45–",377
"2000",2017,"Female","Pacific","45–",235
"2001",2017,"Male","Pacific","50–",268
"2002",2017,"Female","Pacific","50–",188
"2003",2017,"Male","Pacific","55–",186
"2004",2017,"Female","Pacific","55–",136
"2005",2017,"Male","Pacific","60–",104
"2006",2017,"Female","Pacific","60–",91
"2007",2017,"Male","Pacific","65–",68
"2008",2017,"Female","Pacific","65–",64
"2009",2017,"Male","Pacific","70–",56
"2010",2017,"Female","Pacific","70–",51
"2011",2017,"Male","Pacific","75–",30
"2012",2017,"Female","Pacific","75–",43
"2013",2017,"Male","Pacific","80–",26
"2014",2017,"Female","Pacific","80–",24
"2015",2017,"Male","Pacific","85+",11
"2016",2017,"Female","Pacific","85+",21
"2017",2017,"Male","Asian","0–",119
"2018",2017,"Female","Asian","0–",81
"2019",2017,"Male","Asian","5–",231
"2020",2017,"Female","Asian","5–",116
"2021",2017,"Male","Asian","10–",272
"2022",2017,"Female","Asian","10–",277
"2023",2017,"Male","Asian","15–",407
"2024",2017,"Female","Asian","15–",572
"2025",2017,"Male","Asian","20–",499
"2026",2017,"Female","Asian","20–",441
"2027",2017,"Male","Asian","25–",454
"2028",2017,"Female","Asian","25–",517
"2029",2017,"Male","Asian","30–",405
"2030",2017,"Female","Asian","30–",529
"2031",2017,"Male","Asian","35–",319
"2032",2017,"Female","Asian","35–",332
"2033",2017,"Male","Asian","40–",191
"2034",2017,"Female","Asian","40–",274
"2035",2017,"Male","Asian","45–",195
"2036",2017,"Female","Asian","45–",226
"2037",2017,"Male","Asian","50–",167
"2038",2017,"Female","Asian","50–",213
"2039",2017,"Male","Asian","55–",128
"2040",2017,"Female","Asian","55–",159
"2041",2017,"Male","Asian","60–",94
"2042",2017,"Female","Asian","60–",115
"2043",2017,"Male","Asian","65–",85
"2044",2017,"Female","Asian","65–",95
"2045",2017,"Male","Asian","70–",55
"2046",2017,"Female","Asian","70–",68
"2047",2017,"Male","Asian","75–",40
"2048",2017,"Female","Asian","75–",76
"2049",2017,"Male","Asian","80–",32
"2050",2017,"Female","Asian","80–",49
"2051",2017,"Male","Asian","85+",23
"2052",2017,"Female","Asian","85+",30
"2053",2017,"Male","Other","0–",684
"2054",2017,"Female","Other","0–",455
"2055",2017,"Male","Other","5–",3846
"2056",2017,"Female","Other","5–",1906
"2057",2017,"Male","Other","10–",4501
"2058",2017,"Female","Other","10–",4393
"2059",2017,"Male","Other","15–",5421
"2060",2017,"Female","Other","15–",7258
"2061",2017,"Male","Other","20–",5294
"2062",2017,"Female","Other","20–",4924
"2063",2017,"Male","Other","25–",4779
"2064",2017,"Female","Other","25–",4718
"2065",2017,"Male","Other","30–",4113
"2066",2017,"Female","Other","30–",4351
"2067",2017,"Male","Other","35–",3860
"2068",2017,"Female","Other","35–",3765
"2069",2017,"Male","Other","40–",4052
"2070",2017,"Female","Other","40–",3693
"2071",2017,"Male","Other","45–",4157
"2072",2017,"Female","Other","45–",3676
"2073",2017,"Male","Other","50–",3589
"2074",2017,"Female","Other","50–",3393
"2075",2017,"Male","Other","55–",2987
"2076",2017,"Female","Other","55–",2780
"2077",2017,"Male","Other","60–",2092
"2078",2017,"Female","Other","60–",2097
"2079",2017,"Male","Other","65–",1469
"2080",2017,"Female","Other","65–",1618
"2081",2017,"Male","Other","70–",1017
"2082",2017,"Female","Other","70–",1377
"2083",2017,"Male","Other","75–",925
"2084",2017,"Female","Other","75–",1192
"2085",2017,"Male","Other","80–",782
"2086",2017,"Female","Other","80–",1036
"2087",2017,"Male","Other","85+",802
"2088",2017,"Female","Other","85+",1277
"2089",2018,"Male","Māori","0–",359
"2090",2018,"Female","Māori","0–",206
"2091",2018,"Male","Māori","5–",2048
"2092",2018,"Female","Māori","5–",743
"2093",2018,"Male","Māori","10–",3098
"2094",2018,"Female","Māori","10–",2835
"2095",2018,"Male","Māori","15–",3732
"2096",2018,"Female","Māori","15–",3606
"2097",2018,"Male","Māori","20–",3554
"2098",2018,"Female","Māori","20–",2730
"2099",2018,"Male","Māori","25–",3446
"2100",2018,"Female","Māori","25–",2794
"2101",2018,"Male","Māori","30–",2827
"2102",2018,"Female","Māori","30–",2264
"2103",2018,"Male","Māori","35–",2400
"2104",2018,"Female","Māori","35–",1823
"2105",2018,"Male","Māori","40–",2169
"2106",2018,"Female","Māori","40–",1574
"2107",2018,"Male","Māori","45–",1882
"2108",2018,"Female","Māori","45–",1513
"2109",2018,"Male","Māori","50–",1359
"2110",2018,"Female","Māori","50–",1226
"2111",2018,"Male","Māori","55–",895
"2112",2018,"Female","Māori","55–",826
"2113",2018,"Male","Māori","60–",478
"2114",2018,"Female","Māori","60–",495
"2115",2018,"Male","Māori","65–",219
"2116",2018,"Female","Māori","65–",272
"2117",2018,"Male","Māori","70–",143
"2118",2018,"Female","Māori","70–",156
"2119",2018,"Male","Māori","75–",98
"2120",2018,"Female","Māori","75–",124
"2121",2018,"Male","Māori","80–",51
"2122",2018,"Female","Māori","80–",85
"2123",2018,"Male","Māori","85+",25
"2124",2018,"Female","Māori","85+",54
"2125",2018,"Male","Pacific","0–",109
"2126",2018,"Female","Pacific","0–",56
"2127",2018,"Male","Pacific","5–",329
"2128",2018,"Female","Pacific","5–",130
"2129",2018,"Male","Pacific","10–",586
"2130",2018,"Female","Pacific","10–",553
"2131",2018,"Male","Pacific","15–",842
"2132",2018,"Female","Pacific","15–",769
"2133",2018,"Male","Pacific","20–",813
"2134",2018,"Female","Pacific","20–",466
"2135",2018,"Male","Pacific","25–",865
"2136",2018,"Female","Pacific","25–",398
"2137",2018,"Male","Pacific","30–",702
"2138",2018,"Female","Pacific","30–",349
"2139",2018,"Male","Pacific","35–",575
"2140",2018,"Female","Pacific","35–",292
"2141",2018,"Male","Pacific","40–",495
"2142",2018,"Female","Pacific","40–",248
"2143",2018,"Male","Pacific","45–",391
"2144",2018,"Female","Pacific","45–",251
"2145",2018,"Male","Pacific","50–",308
"2146",2018,"Female","Pacific","50–",217
"2147",2018,"Male","Pacific","55–",190
"2148",2018,"Female","Pacific","55–",148
"2149",2018,"Male","Pacific","60–",104
"2150",2018,"Female","Pacific","60–",97
"2151",2018,"Male","Pacific","65–",76
"2152",2018,"Female","Pacific","65–",67
"2153",2018,"Male","Pacific","70–",51
"2154",2018,"Female","Pacific","70–",54
"2155",2018,"Male","Pacific","75–",28
"2156",2018,"Female","Pacific","75–",39
"2157",2018,"Male","Pacific","80–",17
"2158",2018,"Female","Pacific","80–",33
"2159",2018,"Male","Pacific","85+",14
"2160",2018,"Female","Pacific","85+",17
"2161",2018,"Male","Asian","0–",117
"2162",2018,"Female","Asian","0–",91
"2163",2018,"Male","Asian","5–",258
"2164",2018,"Female","Asian","5–",134
"2165",2018,"Male","Asian","10–",273
"2166",2018,"Female","Asian","10–",311
"2167",2018,"Male","Asian","15–",452
"2168",2018,"Female","Asian","15–",642
"2169",2018,"Male","Asian","20–",500
"2170",2018,"Female","Asian","20–",492
"2171",2018,"Male","Asian","25–",502
"2172",2018,"Female","Asian","25–",507
"2173",2018,"Male","Asian","30–",399
"2174",2018,"Female","Asian","30–",566
"2175",2018,"Male","Asian","35–",345
"2176",2018,"Female","Asian","35–",380
"2177",2018,"Male","Asian","40–",231
"2178",2018,"Female","Asian","40–",261
"2179",2018,"Male","Asian","45–",180
"2180",2018,"Female","Asian","45–",235
"2181",2018,"Male","Asian","50–",163
"2182",2018,"Female","Asian","50–",211
"2183",2018,"Male","Asian","55–",136
"2184",2018,"Female","Asian","55–",152
"2185",2018,"Male","Asian","60–",120
"2186",2018,"Female","Asian","60–",136
"2187",2018,"Male","Asian","65–",59
"2188",2018,"Female","Asian","65–",99
"2189",2018,"Male","Asian","70–",61
"2190",2018,"Female","Asian","70–",83
"2191",2018,"Male","Asian","75–",46
"2192",2018,"Female","Asian","75–",61
"2193",2018,"Male","Asian","80–",45
"2194",2018,"Female","Asian","80–",49
"2195",2018,"Male","Asian","85+",24
"2196",2018,"Female","Asian","85+",39
"2197",2018,"Male","Other","0–",614
"2198",2018,"Female","Other","0–",409
"2199",2018,"Male","Other","5–",3852
"2200",2018,"Female","Other","5–",1892
"2201",2018,"Male","Other","10–",4741
"2202",2018,"Female","Other","10–",4647
"2203",2018,"Male","Other","15–",5497
"2204",2018,"Female","Other","15–",7395
"2205",2018,"Male","Other","20–",5292
"2206",2018,"Female","Other","20–",5194
"2207",2018,"Male","Other","25–",5034
"2208",2018,"Female","Other","25–",4978
"2209",2018,"Male","Other","30–",4286
"2210",2018,"Female","Other","30–",4522
"2211",2018,"Male","Other","35–",3839
"2212",2018,"Female","Other","35–",3857
"2213",2018,"Male","Other","40–",4002
"2214",2018,"Female","Other","40–",3593
"2215",2018,"Male","Other","45–",4189
"2216",2018,"Female","Other","45–",3830
"2217",2018,"Male","Other","50–",3638
"2218",2018,"Female","Other","50–",3320
"2219",2018,"Male","Other","55–",3109
"2220",2018,"Female","Other","55–",2927
"2221",2018,"Male","Other","60–",2204
"2222",2018,"Female","Other","60–",2164
"2223",2018,"Male","Other","65–",1491
"2224",2018,"Female","Other","65–",1735
"2225",2018,"Male","Other","70–",1087
"2226",2018,"Female","Other","70–",1426
"2227",2018,"Male","Other","75–",949
"2228",2018,"Female","Other","75–",1217
"2229",2018,"Male","Other","80–",717
"2230",2018,"Female","Other","80–",1035
"2231",2018,"Male","Other","85+",825
"2232",2018,"Female","Other","85+",1269
"2233",2019,"Male","Māori","0–",365
"2234",2019,"Female","Māori","0–",204
"2235",2019,"Male","Māori","5–",1957
"2236",2019,"Female","Māori","5–",754
"2237",2019,"Male","Māori","10–",3088
"2238",2019,"Female","Māori","10–",2958
"2239",2019,"Male","Māori","15–",3600
"2240",2019,"Female","Māori","15–",3778
"2241",2019,"Male","Māori","20–",3564
"2242",2019,"Female","Māori","20–",3012
"2243",2019,"Male","Māori","25–",3686
"2244",2019,"Female","Māori","25–",2845
"2245",2019,"Male","Māori","30–",2923
"2246",2019,"Female","Māori","30–",2416
"2247",2019,"Male","Māori","35–",2487
"2248",2019,"Female","Māori","35–",1906
"2249",2019,"Male","Māori","40–",2205
"2250",2019,"Female","Māori","40–",1538
"2251",2019,"Male","Māori","45–",1932
"2252",2019,"Female","Māori","45–",1538
"2253",2019,"Male","Māori","50–",1417
"2254",2019,"Female","Māori","50–",1240
"2255",2019,"Male","Māori","55–",1005
"2256",2019,"Female","Māori","55–",899
"2257",2019,"Male","Māori","60–",479
"2258",2019,"Female","Māori","60–",515
"2259",2019,"Male","Māori","65–",253
"2260",2019,"Female","Māori","65–",275
"2261",2019,"Male","Māori","70–",146
"2262",2019,"Female","Māori","70–",196
"2263",2019,"Male","Māori","75–",101
"2264",2019,"Female","Māori","75–",135
"2265",2019,"Male","Māori","80–",58
"2266",2019,"Female","Māori","80–",82
"2267",2019,"Male","Māori","85+",24
"2268",2019,"Female","Māori","85+",68
"2269",2019,"Male","Pacific","0–",93
"2270",2019,"Female","Pacific","0–",51
"2271",2019,"Male","Pacific","5–",334
"2272",2019,"Female","Pacific","5–",133
"2273",2019,"Male","Pacific","10–",603
"2274",2019,"Female","Pacific","10–",596
"2275",2019,"Male","Pacific","15–",820
"2276",2019,"Female","Pacific","15–",809
"2277",2019,"Male","Pacific","20–",852
"2278",2019,"Female","Pacific","20–",514
"2279",2019,"Male","Pacific","25–",871
"2280",2019,"Female","Pacific","25–",470
"2281",2019,"Male","Pacific","30–",755
"2282",2019,"Female","Pacific","30–",386
"2283",2019,"Male","Pacific","35–",606
"2284",2019,"Female","Pacific","35–",317
"2285",2019,"Male","Pacific","40–",514
"2286",2019,"Female","Pacific","40–",239
"2287",2019,"Male","Pacific","45–",425
"2288",2019,"Female","Pacific","45–",241
"2289",2019,"Male","Pacific","50–",320
"2290",2019,"Female","Pacific","50–",205
"2291",2019,"Male","Pacific","55–",216
"2292",2019,"Female","Pacific","55–",150
"2293",2019,"Male","Pacific","60–",115
"2294",2019,"Female","Pacific","60–",96
"2295",2019,"Male","Pacific","65–",73
"2296",2019,"Female","Pacific","65–",65
"2297",2019,"Male","Pacific","70–",53
"2298",2019,"Female","Pacific","70–",56
"2299",2019,"Male","Pacific","75–",42
"2300",2019,"Female","Pacific","75–",37
"2301",2019,"Male","Pacific","80–",33
"2302",2019,"Female","Pacific","80–",33
"2303",2019,"Male","Pacific","85+",17
"2304",2019,"Female","Pacific","85+",23
"2305",2019,"Male","Asian","0–",129
"2306",2019,"Female","Asian","0–",73
"2307",2019,"Male","Asian","5–",277
"2308",2019,"Female","Asian","5–",138
"2309",2019,"Male","Asian","10–",289
"2310",2019,"Female","Asian","10–",396
"2311",2019,"Male","Asian","15–",461
"2312",2019,"Female","Asian","15–",670
"2313",2019,"Male","Asian","20–",531
"2314",2019,"Female","Asian","20–",511
"2315",2019,"Male","Asian","25–",533
"2316",2019,"Female","Asian","25–",546
"2317",2019,"Male","Asian","30–",460
"2318",2019,"Female","Asian","30–",595
"2319",2019,"Male","Asian","35–",378
"2320",2019,"Female","Asian","35–",472
"2321",2019,"Male","Asian","40–",272
"2322",2019,"Female","Asian","40–",268
"2323",2019,"Male","Asian","45–",172
"2324",2019,"Female","Asian","45–",246
"2325",2019,"Male","Asian","50–",169
"2326",2019,"Female","Asian","50–",200
"2327",2019,"Male","Asian","55–",154
"2328",2019,"Female","Asian","55–",161
"2329",2019,"Male","Asian","60–",113
"2330",2019,"Female","Asian","60–",150
"2331",2019,"Male","Asian","65–",72
"2332",2019,"Female","Asian","65–",95
"2333",2019,"Male","Asian","70–",57
"2334",2019,"Female","Asian","70–",76
"2335",2019,"Male","Asian","75–",39
"2336",2019,"Female","Asian","75–",69
"2337",2019,"Male","Asian","80–",39
"2338",2019,"Female","Asian","80–",53
"2339",2019,"Male","Asian","85+",22
"2340",2019,"Female","Asian","85+",44
"2341",2019,"Male","Other","0–",620
"2342",2019,"Female","Other","0–",380
"2343",2019,"Male","Other","5–",3719
"2344",2019,"Female","Other","5–",1757
"2345",2019,"Male","Other","10–",4909
"2346",2019,"Female","Other","10–",4919
"2347",2019,"Male","Other","15–",5580
"2348",2019,"Female","Other","15–",7552
"2349",2019,"Male","Other","20–",5368
"2350",2019,"Female","Other","20–",5472
"2351",2019,"Male","Other","25–",5360
"2352",2019,"Female","Other","25–",5118
"2353",2019,"Male","Other","30–",4460
"2354",2019,"Female","Other","30–",4648
"2355",2019,"Male","Other","35–",4043
"2356",2019,"Female","Other","35–",3930
"2357",2019,"Male","Other","40–",3964
"2358",2019,"Female","Other","40–",3421
"2359",2019,"Male","Other","45–",4251
"2360",2019,"Female","Other","45–",3759
"2361",2019,"Male","Other","50–",3638
"2362",2019,"Female","Other","50–",3449
"2363",2019,"Male","Other","55–",3201
"2364",2019,"Female","Other","55–",3045
"2365",2019,"Male","Other","60–",2273
"2366",2019,"Female","Other","60–",2208
"2367",2019,"Male","Other","65–",1557
"2368",2019,"Female","Other","65–",1735
"2369",2019,"Male","Other","70–",1189
"2370",2019,"Female","Other","70–",1482
"2371",2019,"Male","Other","75–",966
"2372",2019,"Female","Other","75–",1301
"2373",2019,"Male","Other","80–",769
"2374",2019,"Female","Other","80–",1084
"2375",2019,"Male","Other","85+",790
"2376",2019,"Female","Other","85+",1309
"2377",2020,"Male","Māori","0–",360
"2378",2020,"Female","Māori","0–",199
"2379",2020,"Male","Māori","5–",1743
"2380",2020,"Female","Māori","5–",697
"2381",2020,"Male","Māori","10–",2941
"2382",2020,"Female","Māori","10–",2832
"2383",2020,"Male","Māori","15–",3395
"2384",2020,"Female","Māori","15–",3733
"2385",2020,"Male","Māori","20–",3501
"2386",2020,"Female","Māori","20–",2988
"2387",2020,"Male","Māori","25–",3707
"2388",2020,"Female","Māori","25–",2906
"2389",2020,"Male","Māori","30–",3184
"2390",2020,"Female","Māori","30–",2574
"2391",2020,"Male","Māori","35–",2481
"2392",2020,"Female","Māori","35–",1851
"2393",2020,"Male","Māori","40–",2135
"2394",2020,"Female","Māori","40–",1509
"2395",2020,"Male","Māori","45–",1878
"2396",2020,"Female","Māori","45–",1509
"2397",2020,"Male","Māori","50–",1452
"2398",2020,"Female","Māori","50–",1266
"2399",2020,"Male","Māori","55–",1028
"2400",2020,"Female","Māori","55–",932
"2401",2020,"Male","Māori","60–",508
"2402",2020,"Female","Māori","60–",557
"2403",2020,"Male","Māori","65–",274
"2404",2020,"Female","Māori","65–",285
"2405",2020,"Male","Māori","70–",159
"2406",2020,"Female","Māori","70–",198
"2407",2020,"Male","Māori","75–",97
"2408",2020,"Female","Māori","75–",122
"2409",2020,"Male","Māori","80–",57
"2410",2020,"Female","Māori","80–",91
"2411",2020,"Male","Māori","85+",29
"2412",2020,"Female","Māori","85+",58
"2413",2020,"Male","Pacific","0–",91
"2414",2020,"Female","Pacific","0–",68
"2415",2020,"Male","Pacific","5–",303
"2416",2020,"Female","Pacific","5–",136
"2417",2020,"Male","Pacific","10–",469
"2418",2020,"Female","Pacific","10–",526
"2419",2020,"Male","Pacific","15–",731
"2420",2020,"Female","Pacific","15–",727
"2421",2020,"Male","Pacific","20–",827
"2422",2020,"Female","Pacific","20–",505
"2423",2020,"Male","Pacific","25–",912
"2424",2020,"Female","Pacific","25–",440
"2425",2020,"Male","Pacific","30–",751
"2426",2020,"Female","Pacific","30–",410
"2427",2020,"Male","Pacific","35–",591
"2428",2020,"Female","Pacific","35–",321
"2429",2020,"Male","Pacific","40–",509
"2430",2020,"Female","Pacific","40–",238
"2431",2020,"Male","Pacific","45–",413
"2432",2020,"Female","Pacific","45–",258
"2433",2020,"Male","Pacific","50–",322
"2434",2020,"Female","Pacific","50–",191
"2435",2020,"Male","Pacific","55–",213
"2436",2020,"Female","Pacific","55–",153
"2437",2020,"Male","Pacific","60–",142
"2438",2020,"Female","Pacific","60–",112
"2439",2020,"Male","Pacific","65–",89
"2440",2020,"Female","Pacific","65–",68
"2441",2020,"Male","Pacific","70–",63
"2442",2020,"Female","Pacific","70–",54
"2443",2020,"Male","Pacific","75–",49
"2444",2020,"Female","Pacific","75–",40
"2445",2020,"Male","Pacific","80–",20
"2446",2020,"Female","Pacific","80–",32
"2447",2020,"Male","Pacific","85+",11
"2448",2020,"Female","Pacific","85+",34
"2449",2020,"Male","Asian","0–",94
"2450",2020,"Female","Asian","0–",73
"2451",2020,"Male","Asian","5–",262
"2452",2020,"Female","Asian","5–",134
"2453",2020,"Male","Asian","10–",320
"2454",2020,"Female","Asian","10–",445
"2455",2020,"Male","Asian","15–",460
"2456",2020,"Female","Asian","15–",700
"2457",2020,"Male","Asian","20–",512
"2458",2020,"Female","Asian","20–",537
"2459",2020,"Male","Asian","25–",556
"2460",2020,"Female","Asian","25–",562
"2461",2020,"Male","Asian","30–",443
"2462",2020,"Female","Asian","30–",625
"2463",2020,"Male","Asian","35–",404
"2464",2020,"Female","Asian","35–",469
"2465",2020,"Male","Asian","40–",283
"2466",2020,"Female","Asian","40–",312
"2467",2020,"Male","Asian","45–",194
"2468",2020,"Female","Asian","45–",251
"2469",2020,"Male","Asian","50–",173
"2470",2020,"Female","Asian","50–",217
"2471",2020,"Male","Asian","55–",149
"2472",2020,"Female","Asian","55–",187
"2473",2020,"Male","Asian","60–",126
"2474",2020,"Female","Asian","60–",157
"2475",2020,"Male","Asian","65–",99
"2476",2020,"Female","Asian","65–",107
"2477",2020,"Male","Asian","70–",56
"2478",2020,"Female","Asian","70–",102
"2479",2020,"Male","Asian","75–",44
"2480",2020,"Female","Asian","75–",66
"2481",2020,"Male","Asian","80–",38
"2482",2020,"Female","Asian","80–",66
"2483",2020,"Male","Asian","85+",28
"2484",2020,"Female","Asian","85+",32
"2485",2020,"Male","Other","0–",528
"2486",2020,"Female","Other","0–",357
"2487",2020,"Male","Other","5–",3532
"2488",2020,"Female","Other","5–",1736
"2489",2020,"Male","Other","10–",4844
"2490",2020,"Female","Other","10–",4995
"2491",2020,"Male","Other","15–",5382
"2492",2020,"Female","Other","15–",7662
"2493",2020,"Male","Other","20–",4963
"2494",2020,"Female","Other","20–",5321
"2495",2020,"Male","Other","25–",5182
"2496",2020,"Female","Other","25–",5135
"2497",2020,"Male","Other","30–",4627
"2498",2020,"Female","Other","30–",4725
"2499",2020,"Male","Other","35–",3898
"2500",2020,"Female","Other","35–",3805
"2501",2020,"Male","Other","40–",3769
"2502",2020,"Female","Other","40–",3245
"2503",2020,"Male","Other","45–",4129
"2504",2020,"Female","Other","45–",3573
"2505",2020,"Male","Other","50–",3531
"2506",2020,"Female","Other","50–",3336
"2507",2020,"Male","Other","55–",3179
"2508",2020,"Female","Other","55–",2956
"2509",2020,"Male","Other","60–",2391
"2510",2020,"Female","Other","60–",2232
"2511",2020,"Male","Other","65–",1518
"2512",2020,"Female","Other","65–",1720
"2513",2020,"Male","Other","70–",1255
"2514",2020,"Female","Other","70–",1532
"2515",2020,"Male","Other","75–",1007
"2516",2020,"Female","Other","75–",1352
"2517",2020,"Male","Other","80–",777
"2518",2020,"Female","Other","80–",1054
"2519",2020,"Male","Other","85+",790
"2520",2020,"Female","Other","85+",1335
